filename,Bird-drop,Clean,Dusty,Electrical-damage,Physical-damage,Snow
IMG_20241003_090100_124_jpg.rf.710556d267fca3448f9cfcf16fc32596.jpg,0,1,0,0,0,0
Imgdirty_681_1_jpg.rf.f3c89351697872f42b7b6bf9e1589e28.jpg,1,0,0,0,0,0
Imgdirty_139_1_jpg.rf.87302ba3959fe91f6059d77928d3d87b.jpg,0,0,1,0,0,0
Imgclean_1092_0_jpg.rf.aa72a0280a94d46080a1cec657f1a24b.jpg,0,1,0,0,0,0
Dust-97-_jpg.rf.09737d76be1bdf40e32be294934dd4af.jpg,0,0,1,0,0,0
IMG_20241003_090053_469_jpg.rf.d4108bd717d4324c1b9079f730e4adb8.jpg,0,1,0,0,0,0
Physical_Damge_489_jpg.rf.74a798e22685f03d42c8b17d0c08d8a5.jpg,0,0,0,0,1,0
Physical_Damge_52_jpg.rf.1ff8d0ee57a753656e4a2299d59ca2e0.jpg,0,0,0,0,1,0
Physical_Damge_515_jpg.rf.d54d8f8dd94e85086cb789a5caf26436.jpg,0,0,0,0,1,0
Physical_Damge_290_jpg.rf.cb0003ca0066f8321d8cfb4e58a64618.jpg,0,0,0,0,1,0
Imgclean_1096_0_jpg.rf.baac91a06200cc2450885aaf2fb0c864.jpg,0,1,0,0,0,0
Physical_Damge_29_jpg.rf.3908bdc56d21f95ffebf142cf4402d60.jpg,0,0,0,0,1,0
Imgdirty_682_1_jpg.rf.294866201468ff58a15a467ffc06b924.jpg,0,0,1,0,0,0
Physical_Damge_237_jpg.rf.afd7c58011aeb48014a2adae6173d500.jpg,0,0,1,0,1,0
IMG_20241003_090219_433_jpg.rf.c32176c035d708a1af45bab8382c1944.jpg,0,1,0,0,0,0
IMG_20241003_090321_818_jpg.rf.f0ac2012d6892b44d62acf00df5c52b4.jpg,0,1,0,0,0,0
Imgdirty_131_1_jpg.rf.0677169b421a86b24f2d2d660d99a69b.jpg,1,0,0,0,0,0
Screenshot-2023-04-02-001348_png.rf.48f0bcde6c1a446f319bf90ed633249e.jpg,1,0,0,0,1,0
Imgdirty_701_1_jpg.rf.5b78cdd805b7849d923c42ab7d26fc98.jpg,1,0,0,0,0,0
Physical_Damge_60_jpg.rf.c0006e30c2ac6b0f90776144f707e085.jpg,0,0,0,0,1,0
Imgdirty_140_1_jpg.rf.90a928d6ce1d01b0947d714ef33a6f0a.jpg,0,0,1,0,0,0
solar_Wed_Jun_21_8__48__32_2017_L_0-329396907415_I_0-406792156863_jpg.rf.6988edcc9e2c46aa2155ccb62e4cd193.jpg,0,0,1,0,0,0
Physical_Damge_528_jpg.rf.e55e63ed7a1db327b4e17804977eeddf.jpg,0,0,0,0,1,0
Physical_Damge_35_jpg.rf.2978163127f84cd89eded47797e7f4ab.jpg,0,0,0,0,1,0
Physical_Damge_278_jpg.rf.e32ee5076b8aa136f86abbd8c8774f7a.jpg,0,0,0,0,1,0
Physical_Damge_487_jpg.rf.3252a640aa6e6eda7000f4a0fc515165.jpg,0,0,0,0,1,0
Imgclean_1099_0_jpg.rf.20301f15f971d9a2470cb53a458a9ac9.jpg,0,1,0,0,0,0
IMG_20241003_090257_115_jpg.rf.cce5b7f2c21db5d24529283601fa6bfb.jpg,0,1,0,0,0,0
Physical_Damge_483_jpg.rf.0a7c2dfdeca1dd634ceb8b4cfee6a258.jpg,0,0,0,0,1,0
Physical_Damge_401_jpg.rf.fb53f70b16cd00a1da5c7141a2b99b22.jpg,0,0,0,0,1,0
Imgclean_1086_0_jpg.rf.36f3296fabb7cd1d78e302dfd256e4a1.jpg,0,1,0,0,0,0
Physical_Damge_312_jpg.rf.5d9efb9179e954e2af248e3e57682b06.jpg,0,0,0,0,1,0
IMG_20241003_090332_713_jpg.rf.6619e5adf27c2c02a85aa71466edd751.jpg,0,1,0,0,0,0
IMG_20241003_090238_263_jpg.rf.a5a7a63440f086643f5f2e0384a680d3.jpg,0,1,0,0,0,0
IMG_20241003_090221_914_jpg.rf.af13d0a2adb3d987fc92c33833d1db66.jpg,0,1,0,0,0,0
Imgdirty_710_1_jpg.rf.00d1a6018f11180ecbd72cf5610cda10.jpg,0,0,1,0,0,0
Imgclean_1094_0_jpg.rf.fd4141ff32e642acd31b6809dfefb366.jpg,0,1,0,0,0,0
Imgclean_1103_0_jpg.rf.791b7cd3af71cc5ffcd7fe6e8304ea55.jpg,0,1,0,0,0,0
Screenshot-2023-04-02-001311_png.rf.aa947435a8ec723fbf970beb6672434d.jpg,1,0,0,0,1,0
Physical_Damge_58_jpg.rf.fc9dc6c462bcac7b05fa1484d07d4451.jpg,0,0,0,0,1,0
Physical_Damge_558_jpg.rf.624274b9757fcc6242e38327e75e4ccf.jpg,0,0,0,0,1,0
IMG_20241003_090240_796_jpg.rf.fdc1b9aee9d45c2d479b97455acdd72c.jpg,0,1,0,0,0,0
Dust-159-_jpg.rf.89129c3e9f002322b0aa467238583e30.jpg,0,0,1,0,0,0
Imgclean_1091_0_jpg.rf.c8093c98d851a467ae83127fbf921662.jpg,0,1,0,0,0,0
IMG_20241003_090215_364_jpg.rf.02b587b21d9610c2684065fcd34e6a1b.jpg,0,1,0,0,0,0
Imgdirty_728_1_jpg.rf.629edd5b713557ef45e1c24364d2d263.jpg,0,0,1,0,0,0
Electrical-14-_jpg.rf.17a6fcd858cb6d4a8b3198d5b69b1718.jpg,0,0,0,1,0,0
Imgdirty_723_1_jpg.rf.c02d83431ca1b7a75bb2a62d851145a6.jpg,1,0,1,0,0,0
Imgdirty_152_1_jpg.rf.6692d62eb70175317f8f2f122df06312.jpg,0,0,1,0,0,0
Imgdirty_696_1_jpg.rf.d3bc58ac54ba2684173c2ec672512194.jpg,0,0,1,0,0,0
Electrical_Damge_111_jpg.rf.5424189f49d717562afef1202bf7ce08.jpg,0,0,0,1,0,0
Bird_drop_75_jpg.rf.1ca59fdf948f8dd896e9c319b542ef06.jpg,1,0,0,0,0,0
Physical_Damge_542_jpg.rf.d7b9d460db92a2f3819591898b4d989f.jpg,0,0,0,0,1,0
IMG_20241003_090246_446_jpg.rf.7028c6a75326014a5e97057160b75472.jpg,0,1,0,0,0,0
Imgdirty_167_1_jpg.rf.ecb91b70fa30d920c41b7fe3d4bdad51.jpg,0,0,1,0,0,0
Physical_Damge_537_jpg.rf.ba458f3effc8a5a0b7f6734b8d615e03.jpg,0,0,0,0,1,0
Imgclean_1098_0_jpg.rf.32da225563936856173d8d550407f1cf.jpg,0,1,0,0,0,0
IMG_20241003_090313_700_jpg.rf.f53d6d84cecb7e4c21b54b17e3009a9a.jpg,0,1,0,0,0,0
IMG_20241003_090327_593_jpg.rf.02a062cab7d8ed7c9cdbac6a0d9c8ecb.jpg,0,1,0,0,0,0
IMG_20241003_090227_779_jpg.rf.a4e51e36033b242ebe1be8cb66232875.jpg,0,1,0,0,0,0
Screenshot-2023-04-02-001523_png.rf.b193005e4cd97936389480cede2f2e32.jpg,1,0,0,0,0,0
Imgdirty_692_1_jpg.rf.a935cd091a31deef1c4280230cf30c4b.jpg,1,0,1,0,0,0
Physical_Damge_377_jpg.rf.61ef3bf65efd025bd85174d7a29aa415.jpg,0,0,0,0,1,0
IMG_20241003_090224_873_jpg.rf.e3de8df5cc68b0050853fef7edeacf42.jpg,0,1,0,0,0,0
Dust-167-_jpg.rf.9be3602d8e246c64e16841c2edae457e.jpg,0,0,1,0,0,0
Imgclean_1088_0_jpg.rf.b0883aeb7b24ea99210307563df1700d.jpg,0,1,0,0,0,0
Electrical_Damge_109_jpg.rf.94cb5d73904869a57567d47866e4eb4a.jpg,0,0,0,1,0,0
IMG_20241003_090300_273_jpg.rf.65c27dd53459e71f898558a8518bd8df.jpg,0,1,0,0,0,0
solar_Wed_Jun_14_7__28__33_2017_L_0-106214879208_I_0-163301960784_jpg.rf.f1999a80998988e7f54bd62a11e719ee.jpg,1,0,1,0,0,0
IMG_20241003_090336_001_jpg.rf.d6f906930d00a7ac71e84db77f634def.jpg,0,1,0,0,0,0
IMG_20241003_090324_553_jpg.rf.c4ab35afd3a06b463a4b89b29ad5de1e.jpg,0,1,0,0,0,0
Imgclean_1097_0_jpg.rf.5835b5531414caa245bbbccaf60041bf.jpg,0,1,0,0,0,0
Imgdirty_716_1_jpg.rf.5826d8de93ad381f134913ae990b3be0.jpg,0,0,1,0,0,0
Imgdirty_721_1_jpg.rf.ba36d194f44d5bed993d79f79a41d80b.jpg,1,0,0,0,0,0
Physical_Damge_317_jpg.rf.ef5e9b7674100237ec7309a04ff5c48f.jpg,0,0,0,0,1,0
IMG_20241003_090204_462_jpg.rf.52b7bf84cb799c57e4c47e5e8cd28748.jpg,0,1,0,0,0,0
IMG_20241003_090252_094_jpg.rf.24a18a3592c561fbf7c52ab2b4d196f5.jpg,0,1,0,0,0,0
IMG_20241003_090247_560_jpg.rf.e2e4a09cdc0d981f2531299db3b67645.jpg,0,1,0,0,0,0
Physical_Damge_53_jpg.rf.e2b841d9f53b1cf5e4a4b767b5122ca3.jpg,0,0,0,0,1,0
Electrical_Damge_103_jpg.rf.98f05e586f2f282f06eaa5680cb1dfc8.jpg,0,0,0,1,0,0
Imgclean_1087_0_jpg.rf.f311e6b4bdf57b30d658469794f27087.jpg,0,1,0,0,0,0
Physical_Damge_266_jpg.rf.8ec4b6c7b446f0f726c2c67620cc8862.jpg,0,0,0,0,1,0
Physical_Damge_566_jpg.rf.cf05750fa1797d3774e0bbae372d675d.jpg,0,0,0,0,1,0
Physical_Damge_303_jpg.rf.e531c8abf95e4a3b6e7fa23c5324299f.jpg,0,0,1,0,1,0
Physical_Damge_63_jpg.rf.f9c457a3ed0c25946318cf103a1e58e6.jpg,0,0,0,0,1,0
Imgclean_1089_0_jpg.rf.36bb25fc25af3cac8c6ce9eded83fedb.jpg,0,1,0,0,0,0
IMG_20241003_090229_674_jpg.rf.d9ee11b822704db8a06b83fff10242be.jpg,0,1,0,0,0,0
Physical_Damge_56_jpg.rf.af03405c9cc3a4af810c86e476ae4893.jpg,0,0,0,0,1,0
IMG_20241003_090314_879_jpg.rf.7011cbb1676ff2b69288b28db7631419.jpg,0,1,0,0,0,0
Imgdirty_730_1_jpg.rf.96113d1e6947fd6fcf8688d054860d80.jpg,0,0,1,0,0,0
IMG_20241003_090347_031_jpg.rf.9928425cd8a7c9db8e9b188fbffc21fd.jpg,0,1,0,0,0,0
Screenshot-2023-04-02-001906_png.rf.7be683faa8c69a7d0dd9fdb7f03262c2.jpg,1,0,0,0,0,0
IMG_20241003_090350_074_jpg.rf.59279acb4b80c43c2643d8b01b8d3f64.jpg,0,1,0,0,0,0
IMG_20241003_090055_099_jpg.rf.e5e70aa88863c6414ae697d4924ab639.jpg,0,1,0,0,0,0
Imgclean_1078_0_jpg.rf.465aed6a7d30824690002519273fc997.jpg,0,1,0,0,0,0
Physical_Damge_153_jpg.rf.23cbdcde39eaa98a008ba97d80d66fb1.jpg,0,0,0,0,1,0
IMG_20241003_090429_534_jpg.rf.95fe7ef52c89bd573e02e03ef96b500c.jpg,0,1,0,0,0,0
Electrical_Damge_84_jpg.rf.3f9ff33992923bc9f6617e567cc3ad3c.jpg,0,0,0,1,0,0
Imgdirty_855_1_jpg.rf.e2308b5ff6ad79910a077501cd45db30.jpg,0,0,1,0,0,0
Dust-154-_jpg.rf.d0a56f2f8b66ff798fb56247c4c05c63.jpg,0,0,1,0,0,0
Imgdirty_842_1_jpg.rf.c591b47ca16b034ec190560096c5885d.jpg,0,0,1,0,0,0
IMG_20241003_090426_149_jpg.rf.72acc6f76ccdd8f32a2347792aab9c05.jpg,0,1,0,0,0,0
IMG_20241003_090353_512_jpg.rf.170c6fa5f4944acd1b3869e2fa1d4faa.jpg,0,1,0,0,0,0
IMG_20241003_090408_990_jpg.rf.16f77f1fb46fcba30ddab56e7481d570.jpg,0,1,0,0,0,0
IMG_20241003_090418_099_jpg.rf.4fcb70d638c97fc412e9cdcca6f95eaf.jpg,0,1,0,0,0,0
Electrical-80-_jpg.rf.a63dd97274e6ad23151ae37bd0883dc2.jpg,0,0,0,1,0,0
Electrical_Damge_99_jpg.rf.146c4c4dc1915fcc1c95e463816c6296.jpg,0,0,0,1,1,0
IMG_20241003_090438_241_jpg.rf.6e25fa64b981d163a73a80c955500efe.jpg,0,1,0,0,0,0
solar_Fri_Jun_30_10__37__57_2017_L_0-764292925083_I_0-423423529412_jpg.rf.c4ab783aea843a0a7ec2d59f0e076416.jpg,0,0,1,0,0,0
Electrical-22-_jpg.rf.40ad28d2feca601a02b765c03ee0819b.jpg,0,0,0,1,0,0
solar_Fri_Jun_16_12__35__15_2017_L_0-615550479963_I_0-736576470588_jpg.rf.058c681a81a3532996e6cc14bed560eb.jpg,0,0,1,0,0,0
Physical_Damge_392_jpg.rf.87ad0334502861d966148effbc60ec08.jpg,0,0,0,0,1,0
Electrical-42-_jpg.rf.ef7e209af23105cddc0627a87f579639.jpg,0,0,0,1,0,0
Electrical_Damge_77_jpg.rf.aa4d2ec72eb5ed37b0c93bd78d3d4412.jpg,0,0,0,1,0,0
Physical_Damge_315_jpg.rf.5514257888bb703007e1e771b30a1ae8.jpg,0,0,0,0,1,0
Electrical_Damge_9_jpg.rf.a49095bebf16c27f152d03fb7c036f88.jpg,0,0,0,1,0,0
Bird_drop_34_jpg.rf.be94f0687210f3f3f96813070abe0e4a.jpg,0,0,0,0,0,0
Physical_Damge_390_jpg.rf.5198d2453aa133483c258005940ab966.jpg,0,0,0,0,1,0
Bird_drop_44_jpg.rf.b3f3f3905fedaaf983fb6845008466a1.jpg,1,0,0,0,0,0
IMG_8601_jpg.rf.fd6cfc45e9e6a74622ce53347031465f.jpg,0,0,1,0,0,0
Electrical_Damge_99_jpg.rf.81ccc47394d030daa0ed9cc8f55d89e0.jpg,0,0,0,1,1,0
Imgdirty_796_1_jpg.rf.861db24b058a9c84f090faf1460fdd62.jpg,1,0,0,0,0,0
Snow_81_jpg.rf.66a961c3a3ec2bedea3a9f493ea05834.jpg,0,0,0,0,0,1
Screenshot-2023-04-18-012230_png.rf.eb7332f7bd6f71bec5000f43c5203f01.jpg,1,0,0,0,0,0
Physical_Damge_122_jpg.rf.3fd521a0a227cbb76faa583ac623994b.jpg,0,0,0,0,1,0
Imgclean_136_0_jpg.rf.24721bb70b70978e4b648e581c6cc714.jpg,0,1,0,0,0,0
solar_Fri_Jun_16_11__27__11_2017_L_0-630523969914_I_0-619403921569_jpg.rf.c6ab3c0cc72ef3219c88779c5cfaa2cf.jpg,0,0,1,0,0,0
Imgdirty_150_1_jpg.rf.4d48250e72375fe502a2ee09f6f8f2fc.jpg,0,0,1,0,0,0
solar_Wed_Jun_14_7__29__19_2017_L_0-127561659596_I_0-109074509804_jpg.rf.86a87f02716791f7eb490657adde4a93.jpg,1,0,1,0,0,0
Electrical_Damge_9_jpg.rf.735bb044238e54eac303f1c663ff99b0.jpg,0,0,0,1,0,0
Imgclean_112_0_jpg.rf.f38c2cda6ccf0482b2c28b315de40231.jpg,0,1,0,0,0,0
Imgclean_1104_0_jpg.rf.f70fea72e6bd03fe72df3c3a6ff972ca.jpg,0,1,0,0,0,0
Imgdirty_840_1_jpg.rf.e0b14db7fa301aecc661aee9cf075b55.jpg,0,0,1,0,0,0
Dust-22-_jpg.rf.7179a313d2129834c1eb70cfd449dc34.jpg,0,0,1,0,0,0
Dust-80-_jpg.rf.f0191318259d21740af7f0d5380a86e7.jpg,0,0,1,0,0,0
Physical_Damge_362_jpg.rf.85a5e044512f9b4ea9504b72d6235367.jpg,0,0,0,0,1,0
Bird_drop_44_jpg.rf.b6fb97fc61a6d6a5c846c263be7e2b86.jpg,1,0,0,0,0,0
Physical_Damge_196_jpg.rf.deb90ed392a8fe88efa91dc57258e46c.jpg,0,0,0,0,1,0
IMG_8604_jpg.rf.764fd31a35f58a9f7938d9befba4c745.jpg,0,0,1,0,0,0
Physical_Damge_426_jpg.rf.ff9e32362010c655e51b10a5041d18ce.jpg,0,0,0,0,1,0
IMG_20241003_090339_608_jpg.rf.c33f3c3649e9bfe496987e0db50e1a6e.jpg,0,1,0,0,0,0
Imgclean_1106_0_jpg.rf.f65f7932e435136297f3682760a6a717.jpg,0,1,0,0,0,0
Electrical-54-_jpg.rf.d2c7acf5fba566a21295b3965373934c.jpg,0,0,0,1,0,0
Bird_drop_40_jpg.rf.88c304304c3981bda1964eec66c41014.jpg,1,0,0,0,0,0
Physical_Damge_17_jpg.rf.32c740e9f13434148eb90ed79f978570.jpg,0,0,1,0,1,0
Bird_drop_40_jpg.rf.6e767ff58545dcf1d6caa0ba7ac43f4e.jpg,1,0,0,0,0,0
Bird_drop_102_jpg.rf.15abe09b8e95f39d26c402dbc27f1915.jpg,1,0,0,0,0,0
Imgdirty_845_1_jpg.rf.6d633bfa4302deef7197b072198bdedd.jpg,1,0,0,0,0,0
Physical_Damge_255_jpg.rf.02d1d8a904aa4d3abc99d81829ed98cf.jpg,0,0,0,0,1,0
Imgclean_1151_0_jpg.rf.86f24398d139e2e0bddfee6130a0b761.jpg,0,1,0,0,0,0
Snow_37_jpg.rf.d33e5798e29b49f3cee381cfc8688081.jpg,0,0,0,0,0,1
Dust-17-_jpg.rf.9dc2c567d77afed09200bfe3e98dbae9.jpg,0,0,1,0,0,0
Imgdirty_234_1_jpg.rf.167ac44292b3ffe894b9feeff8f7cedc.jpg,0,0,1,0,0,0
Bird_drop_38_jpg.rf.a9eb4e41acb65fdd5de52f36b4124269.jpg,1,0,0,0,0,0
Physical_Damge_27_jpg.rf.ef1a36eb72064b6e255a83384f0731c0.jpg,0,0,0,0,1,0
Physical_Damge_356_jpg.rf.1308acc46d6f3cbdb4f07668123d0672.jpg,0,0,0,0,1,0
IMG_8598_jpg.rf.76d284b8529046a93a96706f6d645ac2.jpg,0,0,1,0,0,0
IMG_8602_jpg.rf.d92d12e23c6c3c119c8fe00421d7e37e.jpg,0,0,1,0,0,0
Dusty_164_jpg.rf.05304554c1acf9d924a1e44f8cd08935.jpg,0,0,1,0,0,0
Physical_Damge_40_jpg.rf.d61669443b586ce167e5b89f4a0d62a4.jpg,0,0,0,0,1,0
Electrical-19-_jpg.rf.c6675cdf9543896c47a59fcba2bfa710.jpg,0,0,0,1,0,0
Physical_Damge_422_jpg.rf.29149465cf9eb75b28dc39c9c83e0886.jpg,0,0,0,0,1,0
Imgclean_1108_0_jpg.rf.c1e322450940ee5ba26ebed4fa8f63f2.jpg,0,1,0,0,0,0
Imgclean_1105_0_jpg.rf.6c27b46198c75969ed9783f175a392c0.jpg,0,1,0,0,0,0
Dust-4-_jpg.rf.43132906f1b56578984ff0c261d01d41.jpg,0,0,1,0,0,0
solar_Fri_Jun_16_12__36__16_2017_L_0-482961411006_I_0-756184313725_jpg.rf.cae7b89fca1a256fb5b14213c9748217.jpg,0,0,1,0,0,0
Imgclean_128_0_jpg.rf.babc439c198062e7eb8904c3a1f210ee.jpg,0,1,0,0,0,0
Imgdirty_797_1_jpg.rf.478543a64fceb1225df3e56f65ec6cc4.jpg,1,0,0,0,0,0
Bird_drop_43_jpg.rf.3846e657c0aa7cb721cc41bfafccb4d8.jpg,1,0,0,0,0,0
Imgclean_1109_0_jpg.rf.4aa4203de8368b0af5f58d37f0e552bf.jpg,0,1,0,0,0,0
IMG_8602_jpg.rf.9dac1d5f15c3285ceda632d348195e31.jpg,0,0,1,0,0,0
Bird_drop_29_jpg.rf.5be4a6b9c28dda4782f516dce06500e9.jpg,1,0,0,0,0,0
Bird_drop_25_jpg.rf.e505c68507067bd2050c6702d4c01d33.jpg,0,0,0,0,0,0
Snow_11_jpg.rf.26e84a66bbde1e935e6be877e0f42bbd.jpg,0,0,0,0,0,1
Physical_Damge_444_jpg.rf.20259b45bbdd310df0dfac32b40225e0.jpg,0,0,0,0,1,0
Imgclean_1149_0_jpg.rf.428bdc9c8415edd17d39768e8539d033.jpg,0,1,0,0,0,0
Imgdirty_858_1_jpg.rf.e390eb543aaf65a3777c8ae00f1f97d3.jpg,0,0,1,0,0,0
solar_Fri_Jun_16_13__58__3_2017_L_0-839918213493_I_0-563878431373_jpg.rf.226c4db65701f31ae89ae0b3c8bf1bc3.jpg,0,0,1,0,0,0
Bird_drop_35_jpg.rf.66e0209042be31dee9ef7913f4e3634b.jpg,1,0,0,0,0,0
Dusty_101_jpg.rf.66d66aadd96e845ebd8e0c6cc8c60724.jpg,0,0,1,0,0,0
Dust-151-_jpg.rf.c2aada1b36e418706db4f57b74e205a1.jpg,0,0,1,0,0,0
IMG_20241003_090243_036_jpg.rf.1919470d4987a9feae2a9578bfa55615.jpg,0,1,0,0,0,0
Physical_Damge_481_jpg.rf.b67ea622329f5e1a8befab5d7d995980.jpg,1,0,0,0,0,0
IMG_20241003_091133_224_jpg.rf.22ea3df02ad419a8e03593c5d84f2169.jpg,0,1,0,0,0,0
Snow_47_jpg.rf.20afdc091e574152d699342a724d54d5.jpg,0,0,0,0,0,1
Dust-2-_jpg.rf.c1e746353fd934e06fff87310b85f358.jpg,0,0,1,0,0,0
Dust-24-_jpg.rf.4d1430cc691d38083adcc3b2c2a480ca.jpg,0,0,1,0,0,0
solar_Fri_Jun_23_17__34__12_2017_L_0-24779967066_I_0-069062745098_jpg.rf.817d0bb80d6b9630d7f92ebe18b47299.jpg,1,0,0,0,0,0
Bird_drop_35_jpg.rf.053111a4e701464785c1a4ce430a4307.jpg,1,0,0,0,0,0
Snow_21_jpg.rf.bb4bfcbd00bb42e2f5374ff5c5149930.jpg,0,0,0,0,0,1
Dusty_109_jpg.rf.b5d066c91ad40474d663965c27d4b5ab.jpg,0,0,1,0,0,0
Electrical-57-_JPG.rf.ac24e5f5a4762f691f055a8d532973d8.jpg,0,0,0,1,0,0
IMG_20230323_163833_jpg.rf.4aaa750cade23b0247fdedc339ebc39b.jpg,0,0,1,0,0,0
Snow_9_jpg.rf.b7f949bb82383daffbe1ce4c4f02c393.jpg,0,0,0,0,0,1
Bird_drop_12_jpg.rf.6502d48b5f16a03d5aed9f8cb79b441b.jpg,1,0,1,0,0,0
Dusty_113_jpg.rf.bfe191ce47d935bb2fa9f51c06b9d633.jpg,0,0,1,0,0,0
Dusty_151_jpg.rf.9b33f58c222c15317c54c4e0adcdeef9.jpg,1,0,1,0,0,0
Dusty_140_jpg.rf.dabcd07b7d1fdd27af18fed76b829fa6.jpg,0,0,1,0,0,0
Snow_17_jpg.rf.2a9d3a1e832416309c21e545c7c2b1af.jpg,0,0,0,0,0,1
Snow_51_jpg.rf.d5d07db87eed0124a226f7955e0b2867.jpg,0,0,0,0,0,1
solar_Tue_Jun_13_14__48__8_2017_L_0-134016340584_I_0-699329411765_jpg.rf.00567e91ea3873e16bae2eeb8d87b758.jpg,1,0,1,0,0,0
Snow_83_jpg.rf.6b1bef6e6a21b90c2a06db7638e36adf.jpg,0,0,0,0,0,1
Dusty_14_jpg.rf.32d7af7f0a7403aff267117c966ec127.jpg,0,0,1,0,0,0
IMG_20230323_164905_jpg.rf.b34afc5a97879801e2971d97b9437582.jpg,0,0,1,0,0,0
Dusty_115_jpg.rf.a8db975bc8065ac25b00d92dbd06f8a1.jpg,0,0,1,0,0,0
Imgdirty_315_1_jpg.rf.5f7d129583b9d3730e5710ea6a625beb.jpg,1,0,0,0,0,0
Bird_drop_76_jpg.rf.349d21f8f8fe833600393f607cdba794.jpg,1,0,0,0,0,0
Bird_drop_3_jpg.rf.58d0103dd7d66b834bdcdef03d3c8779.jpg,1,0,0,0,0,0
IMG_20241003_091158_436_jpg.rf.a3622fbd371ced8ec3dc955b44d32a91.jpg,0,1,0,0,0,0
solar_Wed_Jun_21_8__22__50_2017_L_0-547635699576_I_0-201858823529_jpg.rf.62e57933e3a8ba82f41ae59cb9761e4a.jpg,0,0,1,0,0,0
Dusty_138_jpg.rf.c268ba9bbb83e72eb76efd548382f1b2.jpg,0,0,1,0,0,0
Dusty_141_jpg.rf.b50f80c151a623cc8d4f93f7a2889c66.jpg,0,0,1,0,0,0
Bird_drop_18_jpg.rf.37989c68920eb5cc0f231c5d837c3baf.jpg,1,0,0,0,0,0
Dust-177-_jpg.rf.8130150ef38d34cdec9eb383d830cba6.jpg,0,0,1,0,0,0
Bird_drop_62_jpg.rf.8ad9f20b967616be698a954974399bce.jpg,0,0,0,0,0,0
IMG_20241003_091149_670_jpg.rf.a0e959b0fcacc250feeefa6200bdb5e2.jpg,0,1,0,0,0,0
Bird_drop_30_jpg.rf.fde9f1677aff5d7e75a0bb3813b026e2.jpg,1,0,0,0,0,0
Bird_drop_1_jpg.rf.8ecef643628f75c6d389e3c457e797d9.jpg,0,0,1,0,0,0
Bird_drop_29_jpg.rf.a43b940ac273260860fec5b5d198b4a0.jpg,1,0,0,0,0,0
Dust-146-_jpg.rf.0d17bb6496eacf61ed451d0849994221.jpg,0,0,1,0,0,0
Imgclean_1140_0_jpg.rf.bf92bad1deeb8564dfd241e67437e48a.jpg,0,1,0,0,0,0
Imgclean_1146_0_jpg.rf.82f23907cbb819de83ed395ff07ee03f.jpg,0,1,0,0,0,0
IMG_20230323_165709_jpg.rf.3e8fc606a0e483595e5912966dede17d.jpg,0,0,1,0,0,0
Electrical-26-_jpg.rf.a40cf92d3436534b01d0794356374075.jpg,0,0,0,1,0,0
Bird_drop_3_jpg.rf.27fa7e02e60d5a05953cdde345ad6b81.jpg,1,0,0,0,0,0
Imgdirty_800_1_jpg.rf.d418647fe9022a5ba098b1baa52cd3b0.jpg,1,0,0,0,0,0
Bird_drop_23_jpg.rf.52c8b113a9a709f144927da55eb55a4d.jpg,1,0,0,0,0,0
Bird_drop_76_jpg.rf.e8de8793d6281bb9a3870afe3c6a4644.jpg,1,0,0,0,0,0
Bird_drop_5_jpg.rf.a036a27f293af74525e8d87e6bc6c8b0.jpg,1,0,0,0,0,0
Electrical-8-_jpg.rf.7602349bbc02b6c01d4f59eb37f3eafc.jpg,0,0,0,1,0,0
Bird_drop_61_jpg.rf.8650e6f0d261e68d498f6eee568f5582.jpg,1,0,0,0,0,0
Bird_drop_30_jpg.rf.2e23cf8d215d957534584a0b23cb8f37.jpg,1,0,0,0,0,0
Bird_drop_76_jpg.rf.47cff65fb27d4bddec058118326b1cd6.jpg,1,0,0,0,0,0
Imgclean_1159_0_jpg.rf.8c196c195c658d5934e7249de1a62507.jpg,0,1,0,0,0,0
Bird_drop_33_jpg.rf.9bd8746df79a2de9b1e3135015735136.jpg,1,0,1,0,0,0
Screenshot-2023-04-18-011410_png.rf.c13c862ebd556dcb017ee3af21a8dbb9.jpg,1,0,0,0,0,0
Dusty_151_jpg.rf.b3a6eb2b736fc813b1e9c30f79458146.jpg,1,0,1,0,0,0
Bird_drop_72_jpg.rf.7bfa3a3f25ba2163ba3c20578eab13c3.jpg,1,0,0,0,0,0
Bird_drop_76_jpg.rf.efe9ff40b616b5440402b54686809336.jpg,1,0,0,0,0,0
Imgdirty_316_1_jpg.rf.89723a193b9309e99c2b8aa1862f5cb7.jpg,1,0,0,0,0,0
solar_Tue_Jun_13_16__6__47_2017_L_0-111257754913_I_0-436788235294_jpg.rf.c75718438e40157d5a2e34da5740aceb.jpg,1,0,1,0,0,0
Bird_drop_77_jpg.rf.d715e5492df4234ca6c8ec20f58fa2dc.jpg,1,0,0,0,0,0
Bird_drop_24_jpg.rf.f68b7a82ca8524c94896cb94fcadb5e0.jpg,1,0,0,0,0,0
Bird_drop_23_jpg.rf.cfe3e1dc35c69f2503768bb47f01f672.jpg,1,0,0,0,0,0
Bird_drop_89_jpg.rf.4d8f984a94d097b502b48a1e92cbf905.jpg,1,0,0,0,0,0
Electrical-18-_jpg.rf.3a42d5d35e6589f960d15ec595a187b2.jpg,0,0,0,1,0,0
Bird_drop_5_jpg.rf.a0cabd6bf6c1485e314b774ac41826fe.jpg,1,0,0,0,0,0
Imgdirty_251_1_jpg.rf.f0f18fa4440ed82ca41eae6039735bfa.jpg,0,0,1,0,0,0
Imgdirty_803_1_jpg.rf.c89d9e1b0f3202861affb7a931b945a9.jpg,0,0,1,0,0,0
Bird_drop_72_jpg.rf.43f4dccb03accc33a0a4688010c8160e.jpg,1,0,0,0,0,0
IMG_20241003_085955_562_jpg.rf.9df05a35da8e65aa2d1e6ae011aabc55.jpg,0,1,0,0,0,0
Physical_Damge_408_jpg.rf.3e2c1e9aaee4b606136adb13cd6a2093.jpg,0,0,0,0,0,1
Imgclean_1046_0_jpg.rf.2f52818639961944737586a607d34b0e.jpg,0,1,0,0,0,0
Physical_Damge_399_jpg.rf.bed85520dd09824fb6c5a99465d27517.jpg,0,0,1,0,1,0
Physical_Damge_375_jpg.rf.37e930365f2bb240b7977b19e46267ee.jpg,0,0,0,0,1,0
Dusty_176_jpg.rf.c5b30dcc2cb241ecc74f19e9d2e71bec.jpg,0,0,1,0,0,0
IMG_20241003_085830_326_jpg.rf.773724944fe5167f68fae142e3f7ddce.jpg,0,1,0,0,0,0
solar_Fri_Jun_16_14__6__43_2017_L_0-577434724073_I_0-562168627451_jpg.rf.1a7f5f8bc20d1c17f33e370350694697.jpg,0,0,1,0,0,0
Physical_Damge_446_jpg.rf.b1be6228af452e246deae49d16e570f9.jpg,0,0,0,0,1,0
Electrical-43-_jpg.rf.a27f9344b12f6c23d17e4e186242cad9.jpg,0,0,0,1,0,0
Physical_Damge_406_jpg.rf.d8816075087ab855a4f64931c149ef3c.jpg,0,0,0,0,1,0
Imgdirty_660_1_jpg.rf.c306dcb2590fb6efe0f29e0f617a1f06.jpg,0,0,1,0,0,0
Imgdirty_672_1_jpg.rf.a3bfafedffcddef61a934ac9ee9e1dbe.jpg,0,0,1,0,0,0
Physical_Damge_398_jpg.rf.a9e7c3b567433290556cc5c2220d2a75.jpg,0,0,0,0,1,0
solar_Wed_Jun_21_7__34__30_2017_L_0-360282574568_I_0-129898039216_jpg.rf.6e57a0890fc60a0d4bb40ec8daec4aac.jpg,0,0,1,0,0,0
Imgdirty_615_1_jpg.rf.bb8d0743c06bd87d01a3784c30b136bc.jpg,1,0,0,0,0,0
Imgdirty_646_1_jpg.rf.ed2e59f68ded9a5194da31f16be3142a.jpg,1,0,1,0,0,0
IMG_20241003_085935_170_jpg.rf.9a0be5ec287365a6b9d38762e533f4c4.jpg,0,1,0,0,0,0
IMG_20241003_085853_049_jpg.rf.50b4447b9f943b78f5eab861d4537e71.jpg,0,1,0,0,0,0
Physical_Damge_346_jpg.rf.38b78e1bc3fa6e0a949488cd6e1ab6d7.jpg,0,0,0,0,1,0
Imgdirty_1040_1_jpg.rf.2a3a285b4cae5294b96f78f13225f6af.jpg,0,0,1,0,0,0
Imgdirty_633_1_jpg.rf.20e117740231ea781206558ad4570b34.jpg,1,0,0,0,0,0
Imgclean_1026_0_jpg.rf.ccc555d67b504eabbea1aecad4b81ff7.jpg,0,1,0,0,0,0
Imgclean_1024_0_jpg.rf.d9ae12500a302fa04ac6a5bdcc7fe8b3.jpg,0,1,0,0,0,0
Physical_Damge_341_jpg.rf.038cb22c4151360f655aad1a0c64f72e.jpg,0,0,0,0,1,0
IMG_20241003_085911_455_jpg.rf.d5c22ef6f5304ca0b8ca832096ad6cd3.jpg,0,1,0,0,0,0
IMG_20241003_085944_188_jpg.rf.f8e4c4ead6d0ff27b6bdd5246c90c69f.jpg,0,1,0,0,0,0
Imgdirty_1055_1_jpg.rf.075db942f59164003208569fb74ce608.jpg,0,0,1,0,0,0
Screenshot-2023-04-01-181844_png.rf.d91971ab6c0aa2b7a40bcf46f09341d6.jpg,1,0,0,0,0,0
Screenshot-2023-04-01-181616_png.rf.130b2424480712f996f1565db30afc75.jpg,1,0,0,0,1,0
Electrical-66-_JPG.rf.e2bc0b377f5c1ce13a853d2f5d06be51.jpg,0,0,0,1,0,0
Physical_Damge_408_jpg.rf.d13785ddbd2a1962f4576d94fbe46ddc.jpg,0,0,0,0,0,1
Dusty_23_jpg.rf.33eb5b0ce762e0aa26baa8f586978931.jpg,0,0,1,0,0,0
IMG_20241003_085958_331_jpg.rf.355f472f1dee20242e834c1f81848374.jpg,0,1,0,0,0,0
Physical_Damge_435_jpg.rf.019a4c461b82508f0ae0b1436c800344.jpg,0,0,0,0,1,0
Physical_Damge_339_jpg.rf.12d47ce2546f5268dbb01e86f0fc66a2.jpg,0,0,0,0,1,0
Imgdirty_439_1_jpg.rf.0df436addb2a9a11c3a48ddee59c9218.jpg,0,0,1,0,0,0
Physical_Damge_442_jpg.rf.c371b5be85b4d79029dc7d199cc96548.jpg,0,0,0,0,1,0
IMG_20241003_085814_876_jpg.rf.068682787faf1633f6612dfa11b9b5ac.jpg,0,1,0,0,0,0
Imgdirty_644_1_jpg.rf.ece13290920a0b6e72dcf2c6a8c76058.jpg,0,0,1,0,0,0
Physical_Damge_482_jpg.rf.706ab73f6ebfa1a7a42b8d384de591e5.jpg,0,0,0,1,1,0
Physical_Damge_452_jpg.rf.0ac420c43c773cff6cea2f0b8ce5a141.jpg,0,0,0,0,1,0
Electrical-9-_jpg.rf.e18a2ba91f07718d4b15bff96e4b7d3f.jpg,0,0,0,1,0,0
Imgclean_1050_0_jpg.rf.318d1ef3d4338f2fc26e3c01781ecfb7.jpg,0,1,0,0,0,0
Imgclean_1045_0_jpg.rf.4c705663ecc271f02ef588afabf268d0.jpg,0,1,0,0,0,0
Imgdirty_675_1_jpg.rf.426d9decbc1e4ac6a8ef8f1c7acf70fa.jpg,0,0,1,0,0,0
Dust-44-_jpg.rf.d29109d846f161c56653623dd8444128.jpg,0,0,1,0,0,0
IMG_20241003_085933_110_jpg.rf.3a47c04754af53bfa1dc3ea823b09486.jpg,0,1,0,0,0,0
Imgdirty_1064_1_jpg.rf.43e2a345e80ad94de3d30053e94977c9.jpg,0,0,1,0,0,0
Dusty_24_jpg.rf.e46670dda05e8638cb657bdafac35b56.jpg,0,0,1,0,0,0
Physical_Damge_460_jpg.rf.41c565e6622a3585c2e214ed57f98da4.jpg,0,0,0,0,1,0
Physical_Damge_447_jpg.rf.5bf65aaa1293462ccfc7c80081c34241.jpg,0,0,0,0,1,0
Dusty_31_jpg.rf.d2e692dba2bae13f75bbbf4dccc11615.jpg,1,0,0,0,0,0
Imgdirty_670_1_jpg.rf.7cb6cbcdcf7395f43c99569d9af00147.jpg,1,0,0,0,0,0
IMG_20241003_085812_783_jpg.rf.03a2116aaabdff82149445494331906c.jpg,0,1,0,0,0,0
Physical_Damge_428_jpg.rf.68f2a370b8c9f5171c174faa96e519fd.jpg,1,0,0,0,1,0
Dusty_25_jpg.rf.263b0c50ebb7c9587464f2e300f57058.jpg,0,0,1,0,0,0
Dusty_19_jpg.rf.abd4513b8fa6e6f0d7aac9d4212b3ad1.jpg,0,0,1,0,0,0
Dust-82-_jpg.rf.c99602169b1279b0f22f1ce1b39bb053.jpg,0,0,1,0,0,0
Imgclean_34_0_jpg.rf.90ffd20b70340443d67989f5d7406944.jpg,0,1,0,0,0,0
Physical_Damge_415_jpg.rf.4c619cc39e8c3b1bacaf2b0a13a08df0.jpg,0,0,0,0,1,0
Physical_Damge_476_jpg.rf.e0f99755e8fcb0449cd43ce5309947e4.jpg,0,0,0,1,1,0
Physical_Damge_35_jpg.rf.7af47d6646995d29469bd5b3b3135bd4.jpg,0,0,0,0,1,0
Imgdirty_1059_1_jpg.rf.97199a030cc091f159c1b1081c11b1a8.jpg,0,0,1,0,0,0
Physical_Damge_461_jpg.rf.5890386f0e4cadc2b2cc702fa2c5f75d.jpg,0,0,0,0,1,0
Dusty_31_jpg.rf.bde6437d2fc3467e703ae97c12162df4.jpg,1,0,0,0,0,0
Physical_Damge_439_jpg.rf.9ac638d7c59e1108247ba731c15285a1.jpg,0,0,0,0,1,0
IMG_20241003_085909_041_jpg.rf.a9acad3a48e2c2b8b41f302b4fdeffc6.jpg,0,1,0,0,0,0
Electrical_Damge_104_jpg.rf.6238921275ff2e88cafd16b616b0881b.jpg,0,0,0,1,0,0
Imgdirty_1024_1_jpg.rf.04f343dd91034253a1171950ecc49ed5.jpg,0,0,1,0,0,0
Electrical_Damge_2_jpg.rf.4bbd0d04778d0d6e7952b7791f329b4b.jpg,0,0,0,1,0,0
Physical_Damge_110_jpg.rf.4e864c2dc3dbd4487aa705305923169b.jpg,0,0,0,0,1,0
Imgdirty_1047_1_jpg.rf.82c5627875c2b67d26c66ef83a3340f5.jpg,0,0,1,0,0,0
Imgdirty_668_1_jpg.rf.ec3f0a050ad8720c8524b2de718bf84a.jpg,1,0,0,0,0,0
IMG_20241003_090018_206_jpg.rf.947acc5fd8c36cb0c03ad00ddd81f11d.jpg,0,1,0,0,0,0
solar_Fri_Jun_30_11__39__41_2017_L_0-753945929051_I_0-501882352941_jpg.rf.26b75d61c555112312a38ff325c13d6e.jpg,0,0,1,0,0,0
Physical_Damge_378_jpg.rf.304164dd93fd59f0a8627ae75200cb31.jpg,0,0,0,0,1,0
Physical_Damge_423_jpg.rf.7f9bdbad058717431cd92cf669acbd43.jpg,0,0,1,0,1,0
Imgclean_1021_0_jpg.rf.c9dcdefd5ef1e36d4502bbca5b7e2456.jpg,0,1,0,0,0,0
Physical_Damge_380_jpg.rf.c5b5da8fb13b8306c81e9e117247ea91.jpg,0,0,0,0,1,0
Imgdirty_678_1_jpg.rf.3128764569eab3e49cee01299c5a21f2.jpg,1,0,0,0,0,0
Electrical_Damge_82_jpg.rf.03075755bb421eedf5c5a9fe8a689aa3.jpg,0,0,0,1,0,0
Physical_Damge_433_jpg.rf.c12662fada7eeacb871b80c2651eacde.jpg,0,0,0,0,1,0
Physical_Damge_37_jpg.rf.190fd21310d287e119458e2377166e04.jpg,0,0,0,0,1,0
Physical_Damge_438_jpg.rf.85b810d189375d005422753c8cf0f8f1.jpg,0,0,0,0,1,0
istockphoto-1226698631-612x612_jpg.rf.ce236196be8779069c8890801e89b2f4.jpg,1,0,1,0,0,0
IMG_20241003_085915_633_jpg.rf.8bb3535c0133977666cfcd8a5685a489.jpg,0,1,0,0,0,0
Imgclean_1057_0_jpg.rf.25dfe26a1ce0f531804cd29caea5bb28.jpg,0,1,0,0,0,0
Physical_Damge_126_jpg.rf.bb34707366174a504ae572dfe139eb9d.jpg,0,0,0,0,1,0
Electrical_Damge_63_jpg.rf.d9413b7e067b797a9a7d769350324374.jpg,0,0,0,1,0,0
Physical_Damge_430_jpg.rf.8753b90dd14560741686fd2b79f70baf.jpg,0,0,0,0,1,0
Imgdirty_664_1_jpg.rf.9be0e1b8797ebe12c61884e92bb5d5d9.jpg,0,0,1,0,0,0
solar_Wed_Jun_21_8__48__22_2017_L_0-291727469927_I_0-397725490196_jpg.rf.4228e4c4441af3f1ce4a5695b709dbdb.jpg,0,0,1,0,0,0
Imgdirty_680_1_jpg.rf.59a97492950def253df95256177a9091.jpg,1,0,0,0,0,0
Imgclean_1072_0_jpg.rf.61e378bfa09ed3ca1f0910dd48ee7717.jpg,0,1,0,0,0,0
Dusty_39_jpg.rf.3531b9df01b27d82c05f87f924947bba.jpg,0,0,1,0,0,0
Imgdirty_130_1_jpg.rf.305d786f7d54814a17458ea0847cb797.jpg,0,0,1,0,0,0
IMG_20241003_090017_746_jpg.rf.dcbb0ee9d0b71dbb0027f1bab1b25d88.jpg,0,1,0,0,0,0
images-3-_jpg.rf.52a9efd54ecf62d73f70465cdc5f356b.jpg,1,0,0,0,0,0
Physical_Damge_457_jpg.rf.2af7cec0cac8174fb30eb32ad03249e6.jpg,0,0,0,0,1,0
Imgdirty_1057_1_jpg.rf.9f6b3f4798ff46101553a0c91c4c540f.jpg,0,0,1,0,0,0
IMG_20241003_085850_838_jpg.rf.fbe3bbbb7803ae11c181cf337bd3182f.jpg,0,1,0,0,0,0
Imgdirty_1066_1_jpg.rf.b0906a00243a02d5259ed0ce5c85ae90.jpg,0,0,1,0,0,0
Physical_Damge_466_jpg.rf.d008e5ceac04c4bc14347617541a7fe3.jpg,0,0,0,0,1,0
Physical_Damge_459_jpg.rf.9d809369e11bc7fa828895bebbcfa054.jpg,0,0,0,0,1,0
Electrical_Damge_63_jpg.rf.3176ad6d6af2b2603e9f8806c302ec0f.jpg,0,0,0,1,0,0
Screenshot-2023-04-01-181928_png.rf.637d018fa1ef3091f87b086f6f115d8b.jpg,1,0,0,0,1,0
Electrical-47-_jpg.rf.dfec22be712b27cceadca3bea9e57fe8.jpg,0,0,0,1,0,0
IMG_20241003_090004_828_jpg.rf.2856cf7f442b77bcd88b8d7ada9a4103.jpg,0,1,0,0,0,0
Electrical-38-_jpg.rf.168aef258cb6c92d0e29572091f78325.jpg,0,0,0,1,0,0
Imgclean_1061_0_jpg.rf.29098a31621786762fa4155dd36d4f91.jpg,0,1,1,0,0,0
Imgdirty_1032_1_jpg.rf.dc6b18a7abdc0ba13b66619a96f49832.jpg,0,0,1,0,0,0
Electrical_Damge_100_jpg.rf.a1f272608ff234301dd6d8644e562a31.jpg,0,0,0,1,0,0
Electrical-65-_JPG.rf.fcb3e9eba3f08a8ba30414dc130b5aff.jpg,0,0,0,1,0,0
Bird_drop_53_jpg.rf.01239c183e20719e20ab8c933b652ef6.jpg,1,0,0,0,0,0
Imgclean_1065_0_jpg.rf.3e2cf3e320219b7888791fcd26befb7d.jpg,0,1,1,0,0,0
Screenshot-2023-04-01-181910_png.rf.5e4989530423e4030224cb1e720f5494.jpg,1,0,0,0,1,0
Electrical_Damge_31_jpg.rf.6478c4df0d3b539f5ac4e87ac832b63d.jpg,0,0,0,1,0,0
Imgclean_1066_0_jpg.rf.ad69c69b2013312f8dc598a0420716e7.jpg,0,1,0,0,0,0
Electrical_Damge_50_jpg.rf.66ee0bfcdb004e5e09b4ea13dd830dca.jpg,0,0,0,1,0,0
Dusty_181_jpg.rf.d2f915457dec4d7a5410b5894478a8a5.jpg,0,0,1,0,0,0
IMG_20241003_085842_779_jpg.rf.68b545e4e6e0d6d78007f2a63be96933.jpg,0,1,0,0,0,0
Imgdirty_119_1_jpg.rf.4237e5adf2bf2c34ca114fea3490677c.jpg,0,0,1,0,0,0
Physical_Damge_403_jpg.rf.1f9fbe99170dd9dbb1cfea632e7e3d4c.jpg,0,0,0,0,1,0
Dusty_55_jpg.rf.d3bf9b7b09f51c6c3023b86d7069eea9.jpg,0,0,1,0,0,0
Dusty_96_jpg.rf.1797f255af785eba852af9c9b65bad36.jpg,0,0,1,0,0,0
Imgclean_1054_0_jpg.rf.040966c147bb6ce8064fe9a1054b5d46.jpg,0,1,0,0,0,0
Physical_Damge_202_jpg.rf.60aef51ee0bf681200a79d452f26ce3d.jpg,0,0,0,0,1,0
Electrical_Damge_31_jpg.rf.752633376aa020023aa3e2bb01a6aa31.jpg,0,0,0,1,0,0
Imgdirty_127_1_jpg.rf.69d11bc7b852574dd79652e2255dca39.jpg,1,0,1,0,0,0
Electrical_Damge_34_jpg.rf.2dc841d1459adc9d4d3fdb7624c1de5e.jpg,0,0,0,1,0,0
Electrical_Damge_101_jpg.rf.a181a05b06267c17b29add32cc2cf6a8.jpg,0,0,0,1,0,0
IMG_20241003_085859_393_jpg.rf.7539ee87c07d75ef39a249cc406a7856.jpg,0,1,0,0,0,0
Physical_Damge_233_jpg.rf.119f5e4a94e428fe421b3cd05d64a2d2.jpg,0,0,1,0,1,0
Dusty_70_jpg.rf.828b395234d2e2e281b1b76e129fef34.jpg,0,0,1,0,0,0
Physical_Damge_20_jpg.rf.9f9c2926a89c0edf2ff8336a0fb86427.jpg,0,0,1,0,1,0
IMG_20241003_090217_237_jpg.rf.c9c6c7fbd738b205af391c992b09797d.jpg,0,1,0,0,0,0
IMG_20241003_090038_855_jpg.rf.58688935a0ff2c44a1986b964e1cf92c.jpg,0,1,0,0,0,0
IMG_20241003_085840_721_jpg.rf.39a1e9bf4db60b756c7277b211ef89ca.jpg,0,1,0,0,0,0
Imgdirty_666_1_jpg.rf.b738a47a7d2df5bb4600bfd68b03d726.jpg,1,0,0,0,0,0
Imgclean_1084_0_jpg.rf.cea86cae8d962df08530aef4fe459b0f.jpg,0,1,0,0,0,0
Physical_Damge_221_jpg.rf.16a14c0a57672642bfe6ec0dd713676d.jpg,0,0,0,0,1,0
Electrical_Damge_109_jpg.rf.32a4e1fb56847523861de79426ed69c8.jpg,0,0,0,1,0,0
IMG_20241003_090022_871_jpg.rf.490ca5481fec030af676f045473c39dc.jpg,0,1,0,0,0,0
Imgclean_1052_0_jpg.rf.f159af5cc8e4a6bad32107d2d316d646.jpg,0,1,1,0,0,0
IMG_20241003_085845_378_jpg.rf.7905b2fe06bb346051e23ad958c18363.jpg,0,1,0,0,0,0
IMG_20241003_085946_030_jpg.rf.51502bfaefb8395e839c97b5d692619d.jpg,0,1,0,0,0,0
Electrical_Damge_43_jpg.rf.484baf1a79362a4e997d8be5a8424d5f.jpg,0,0,0,1,0,0
IMG_20241003_085838_220_jpg.rf.ed2889eac3a5b4d587fc6cf98b4910db.jpg,0,1,0,0,0,0
Electrical_Damge_16_jpg.rf.b61bff483a88b707f351031e552ecad7.jpg,0,0,1,1,0,0
Electrical_Damge_43_jpg.rf.ecc622ac1c9290140c8fdeca90ae9be3.jpg,0,0,0,1,0,0
Electrical_Damge_123_jpg.rf.6983116d69eaeef6dbe7eb17d8d509d5.jpg,0,0,0,1,1,0
IMG_20241003_085904_548_jpg.rf.81e1bc073d7c88ee4c820e417af8af75.jpg,0,1,0,0,0,0
Imgdirty_655_1_jpg.rf.a5a9c78c8a8941134fce77b079399405.jpg,0,0,1,0,0,0
Physical_Damge_131_jpg.rf.f79fac8cb50060f99ea39ddcefd4c3cc.jpg,0,0,0,0,1,0
Dusty_41_jpg.rf.9889e83d01a5c0ac056831d114d722d3.jpg,0,0,1,0,0,0
Electrical_Damge_12_jpg.rf.edc685b91855726e12c284a00795994a.jpg,0,0,0,1,0,0
IMG_20241003_090035_122_jpg.rf.a892e6f3cde2a35432ab862979d4a0d4.jpg,0,1,0,0,0,0
Imgdirty_141_1_jpg.rf.9afe3a2846809dde470cec8b281d5ca6.jpg,0,0,1,0,0,0
Physical_Damge_138_jpg.rf.7cd5733eae72bc30c434b6bac6c0d3c9.jpg,0,0,0,0,1,0
Imgdirty_120_1_jpg.rf.ea62266e696f5303c3508e7af8ce413e.jpg,0,0,1,0,0,0
Electrical_Damge_119_jpg.rf.cad4195a16ca5f994f10b2b02f95a030.jpg,0,0,0,1,0,0
Physical_Damge_236_jpg.rf.bfcd2b5ceb428d3a4679a84d9f12bff6.jpg,0,0,0,0,1,0
Electrical_Damge_109_jpg.rf.ccee5b31f4492dabc0b0bef0d540ed9e.jpg,0,0,0,1,0,0
IMG_20241003_085857_150_jpg.rf.bcdb7642c0202cfa131f9b9c69e3cd6d.jpg,0,1,0,0,0,0
Imgclean_1055_0_jpg.rf.c4ab43e3b4eb2b500e895672dea2f597.jpg,0,1,0,0,0,0
Electrical_Damge_123_jpg.rf.aa82f897adf84995bfe8a645d678b0e3.jpg,0,0,0,1,1,0
Imgclean_1060_0_jpg.rf.749c650c13425bfc48a255a84554de72.jpg,0,1,0,0,0,0
Electrical_Damge_5_jpg.rf.185f1f900f29b2cba80d71cb6a2d868f.jpg,0,0,0,1,0,0
Electrical_Damge_10_jpg.rf.e78831d54482dca762dd735c0669aedc.jpg,0,0,0,1,0,0
Electrical_Damge_65_jpg.rf.25f12606006bc28a45dfcafc2bded331.jpg,0,0,0,1,0,0
Electrical_Damge_77_jpg.rf.c5b9784696259c1e80957ad4fe25a0b2.jpg,0,0,0,0,1,0
Physical_Damge_48_jpg.rf.4397d0ac3ea061343c83e38aa833edd8.jpg,0,0,0,0,1,0
Electrical_Damge_71_jpg.rf.0bba308ffadb02c52af45a44376d57d0.jpg,0,0,0,1,0,0
Electrical_Damge_85_jpg.rf.8764f948bab52317eae5a4d28afa44b1.jpg,0,0,0,1,1,0
Physical_Damge_100_jpg.rf.6892a7132c66dca36c220b5e353a741b.jpg,0,0,0,0,1,0
Electrical_Damge_12_jpg.rf.0c3a2ffc7211fadd52f209eb7f2e3ecf.jpg,0,0,0,1,0,0
Electrical_Damge_131_jpg.rf.c469188881e14f5040f10f28129e3b01.jpg,0,0,0,1,0,0
Imgdirty_14_1_jpg.rf.6e70d152f52f790eaa4972fd3af8afb2.jpg,0,0,1,0,0,0
Imgdirty_112_1_jpg.rf.35b996ba2346e8314eacdfac49af1866.jpg,0,0,1,0,0,0
IMG_20241003_090001_079_jpg.rf.783b5021bbd75f0c14bbaa9320d220a3.jpg,0,1,0,0,0,0
Electrical_Damge_94_jpg.rf.0d3525aa23d4b80c3e827fd0de9fc366.jpg,0,0,0,1,0,0
Imgclean_1059_0_jpg.rf.2246d1d511a8bd6b0657775964d678d7.jpg,0,1,0,0,0,0
Physical_Damge_146_jpg.rf.c1b0bb5dd40fa8e972ab73670578f73b.jpg,0,0,0,0,1,0
Imgdirty_10_1_jpg.rf.96837792f7ea447057c4ac8010451e7c.jpg,0,0,1,0,0,0
IMG_20241003_090144_289_jpg.rf.66cfd2d2d34661a4dc3a9dfa590479da.jpg,0,1,0,0,0,0
Electrical_Damge_13_jpg.rf.c6d8d675657da9e97507294434c82ef2.jpg,0,0,0,1,0,0
Electrical_Damge_67_jpg.rf.9646ff4f9be7fbd9e6eefca4673c773e.jpg,0,0,0,1,0,0
Physical_Damge_474_jpg.rf.93bc97ef0f20d4e28657f0d27eaba38f.jpg,0,0,0,0,1,0
IMG_20241003_090046_021_jpg.rf.715400aeb8e6806a5fa0e4a8e0695659.jpg,0,1,0,0,0,0
Physical_Damge_509_jpg.rf.b20a2c721c3eab05583ab2cbc3aeba07.jpg,0,0,0,0,1,0
Electrical_Damge_85_jpg.rf.b48d3f97e3ac0833e450dfa5f524ee76.jpg,0,0,0,1,1,0
Physical_Damge_470_jpg.rf.b2809f7eec39da517eb27c1f78474178.jpg,0,0,0,0,1,0
Imgdirty_137_1_jpg.rf.902e2524c3750171958ebe21a317faf3.jpg,0,0,1,0,0,0
Physical_Damge_115_jpg.rf.7a50416e24ced737aadb03a2dce151f6.jpg,0,0,0,0,1,0
solar_Fri_Jun_16_14__11__16_2017_L_0-602958164865_I_0-190101960784_jpg.rf.46393c64c1dec2ce69f865cfdd965ff4.jpg,0,0,1,0,0,0
Physical_Damge_143_jpg.rf.c8b6611facef781886a7921c7d2250a1.jpg,0,0,0,0,1,0
IMG_20241003_090057_556_jpg.rf.36d8c0f023a67fe3beefcadb425ba54d.jpg,0,1,0,0,0,0
Electrical_Damge_13_jpg.rf.ed888fee6ad6a8b3d38db65528acb4da.jpg,0,0,0,1,0,0
Electrical_Damge_84_jpg.rf.67604beaff7921e2fa3867fa4d5ff758.jpg,0,0,0,1,0,0
Electrical-99-_jpg.rf.e039764e6df6c4d0ac1c02e916dc9513.jpg,0,0,0,1,0,0
IMG_20241003_090041_681_jpg.rf.e26effc6e0b779b55bc7d8538397bbad.jpg,0,1,0,0,0,0
Imgdirty_683_1_jpg.rf.613f7a7fb6c6b9a9a1733cc13ab8dc20.jpg,0,0,1,0,0,0
Bird_drop_63_jpg.rf.3545d623385748c50bdbde5f1ed635b2.jpg,1,0,0,0,0,0
IMG_20241003_090235_836_jpg.rf.113162038a8df0f4f0f1b2cd4420369e.jpg,0,1,0,0,0,0
Electrical_Damge_31_jpg.rf.937487b97d6ec55eb899434e6036edcd.jpg,0,0,0,1,0,0
Electrical-10-_jpg.rf.3862bc73ab3c4ed678d7bc7e44fa9306.jpg,0,0,0,1,0,0
Imgclean_1079_0_jpg.rf.4df7310ac00b394f2b98b957824193d5.jpg,0,1,0,0,0,0
Electrical_Damge_88_jpg.rf.c113326d52922a7bb1980ffbf7c519da.jpg,0,0,0,1,0,0
Electrical_Damge_90_jpg.rf.35be3efa6537ca832ce0ccdfc7b5360e.jpg,0,0,0,1,0,0
IMG_20241003_090138_418_jpg.rf.ffb55702b89d752e0940a193248779c5.jpg,0,1,0,0,0,0
Imgclean_273_0_jpg.rf.68e7c8759c3a6c84c5eec8b256b083fa.jpg,0,1,0,0,0,0
Imgdirty_697_1_jpg.rf.02d971e42f3894711af946942d2ab7ef.jpg,1,0,0,0,0,0
01031_Image_2-1200x803-2-_jpg.rf.9119d66a41caa0f4e931ef3e2450bd04.jpg,0,0,1,0,0,0
solar_Thu_Jun_15_16__54__16_2017_L_0-397775167553_I_0-11351372549_jpg.rf.3c420b3bcc31e39098d91373c2494912.jpg,0,0,1,0,0,0
Physical_Damge_492_jpg.rf.df154681e1dd4527dfc6ef868dfb90b7.jpg,0,0,0,0,1,0
Physical_Damge_473_jpg.rf.3f5d071865787741a8c7273c1fdcd057.jpg,0,0,0,0,1,0
IMG_20241003_090048_261_jpg.rf.efe9ce6d5112fe718374102849f89a15.jpg,0,1,0,0,0,0
solar_Wed_Jun_21_8__16__57_2017_L_0-325288903328_I_0-168996078431_jpg.rf.7d3526a6bc46dba5407419b008a9b869.jpg,0,0,1,0,0,0
Physical_Damge_518_jpg.rf.8d14f473d84128a4d76a7686dfa5cd0b.jpg,0,0,0,0,1,0
Physical_Damge_51_jpg.rf.f6f84d53fd336c6d2bdff0779e88bf43.jpg,0,0,0,0,1,0
Imgdirty_703_1_jpg.rf.5426743eae359852a4b23ccea817df48.jpg,0,0,1,0,0,0
Physical_Damge_529_jpg.rf.1119883072e67ea93986fa8a07d007e9.jpg,0,0,0,0,1,0
Physical_Damge_161_jpg.rf.db7910c6632160a9b51b74f444fe9f39.jpg,0,0,0,0,1,0
solar_Wed_Jun_21_8__48__27_2017_L_0-291727469927_I_0-397725490196_jpg.rf.6f59385929545420691a667718c9a0e3.jpg,0,0,1,0,0,0
Imgdirty_123_1_jpg.rf.0410ce0094a899c6b4d743e8d506194f.jpg,0,0,1,0,0,0
Imgdirty_693_1_jpg.rf.8b61f83bdc0becd0e2fdce6d85fcf583.jpg,0,0,1,0,0,0
Electrical_Damge_80_jpg.rf.190b6a1206591ae44093b05955df20fb.jpg,0,0,0,1,0,0
Physical_Damge_46_jpg.rf.11f74d7723b60b588c953725b9c152b6.jpg,0,0,0,0,1,0
IMG_20241003_090103_937_jpg.rf.deecda13d277ef175d0e333e92a1a57b.jpg,0,1,0,0,0,0
Physical_Damge_533_jpg.rf.621e33b724c6ce1ec5ea14f3ba707aae.jpg,0,0,0,0,1,0
Bird-193-_jpg.rf.7e8df124bebb8d72c9d5d1622387390e.jpg,0,0,0,0,0,0
Imgclean_289_0_jpg.rf.f17276712527bc7dc27428c2eeec5310.jpg,0,1,0,0,0,0
Electrical_Damge_101_jpg.rf.56aa96614ceccef4a6763633a859a1fc.jpg,0,0,0,1,0,0
Physical_Damge_522_jpg.rf.2749bad083b8b580b88f9822f8cb790e.jpg,0,0,0,0,1,0
Dusty_93_jpg.rf.7bc57f91984f2beb963f36bbfbcb4843.jpg,0,0,1,0,0,0
Physical_Damge_187_jpg.rf.411cac2437cda1b0617e3a5c50e4f51a.jpg,0,0,0,0,1,0
solar_Fri_Jun_16_11__38__59_2017_L_0-555520282674_I_0-284121568627_jpg.rf.9ca40c48cd9a53b5416d557afc939389.jpg,0,0,1,0,0,0
Imgclean_1080_0_jpg.rf.ee09993fd5c2b63a7ba03e8bfbec12f9.jpg,0,1,0,0,0,0
Physical_Damge_159_jpg.rf.4c396f95ae4e2d49ef3b15fae9814d20.jpg,0,0,0,0,1,0
Physical_Damge_520_jpg.rf.3fafe219d308058b8b828e9b40db860d.jpg,0,0,0,0,1,0
Screenshot-2023-04-02-001330_png.rf.1f667fc7583cc97bf92fb0844d2b457b.jpg,1,0,0,0,0,0
IMG_20241003_090310_324_jpg.rf.eacdb14457e0ac8c0e0d5bc57f3abffd.jpg,0,1,0,0,0,0
Physical_Damge_285_jpg.rf.3c3e948a391084ad48d1c4bd513461d7.jpg,0,0,0,0,1,0
Imgclean_1071_0_jpg.rf.60cbd655a6f6096676d3d98f6d6b5c8e.jpg,0,1,0,0,0,0
IMG_20241003_090043_687_jpg.rf.d81206021071dbc80617e08459a25e34.jpg,0,1,0,0,0,0
Physical_Damge_512_jpg.rf.c87d0c4725d214b3ee6232b2f1a9ca2b.jpg,0,0,0,0,1,0
istockphoto-183037705-612x612_jpg.rf.7b1be421276c7e45fa99e13b6ecc7566.jpg,0,0,1,0,0,0
Electrical_Damge_1_jpg.rf.0f99d2ab5f60853391619b1ab7eb5599.jpg,0,0,0,1,0,0
Screenshot-2023-04-02-001243_png.rf.db989410e973fb75294311a02ad87d22.jpg,1,0,0,0,1,0
Snow_47_jpg.rf.db5be5779d07113038e98d04c1bdc6b5.jpg,0,0,0,0,0,1
Imgdirty_741_1_jpg.rf.27b32fbfa13ae51f2cc0104eb869ea0e.jpg,1,0,1,0,0,0
Electrical_Damge_113_jpg.rf.58007340e1a019e627450c50b7f2f16a.jpg,0,0,0,1,0,0
Physical_Damge_182_jpg.rf.bfea10fabf43c454f007d3bdd7cfef1a.jpg,0,0,0,1,0,0
Dusty_159_jpg.rf.014d7d15d020f0e4e99ee87a336e5f54.jpg,1,0,0,0,0,0
Physical_Damge_81_jpg.rf.170ab7d326cc800e5962409d05319348.jpg,0,0,0,0,1,0
Electrical_Damge_28_jpg.rf.98c534a89ad5ce8f454d5a483c28953c.jpg,0,0,0,1,0,0
IMG_20230324_155654_jpg.rf.94652093b29f5cb419505cb8fc755492.jpg,0,0,1,0,0,0
IMG_8583_jpg.rf.5c68747d4eca83e8d7a7984c15afc8f3.jpg,0,0,1,0,0,0
Electrical_Damge_10_jpg.rf.6209117fbd2fde7eff79c3e1b82d6212.jpg,0,0,0,1,0,0
Dusty_52_jpg.rf.9737abdea8b5e84a744a8efdf7a8505e.jpg,0,0,1,0,0,0
Snow_28_jpg.rf.07187ee4a867cdf9a52826550908f71c.jpg,0,0,0,0,0,1
Snow_18_jpg.rf.4c2d952c53ddb3f6d87023d2f64188dc.jpg,0,0,0,0,0,1
Electrical_Damge_83_jpg.rf.19f84fe742a8b5d68d069f2aa5fad8b4.jpg,0,0,0,1,0,0
Electrical_Damge_126_jpg.rf.8d1370c38acbf48bbdf242579b240715.jpg,0,0,0,1,0,0
Bird_drop_84_jpg.rf.4381d249bf2b3220350700ac56835907.jpg,1,0,0,0,0,0
Dusty_1_jpg.rf.80e935d06af01b3b1a77f58373abfc61.jpg,0,0,1,0,0,0
Snow_70_jpg.rf.367e933617ff199f4f17bcb0834b7267.jpg,0,0,0,0,0,1
Dusty_159_jpg.rf.041487277506375c6f7f00be1b59b8be.jpg,1,0,1,0,0,0
Snow_70_jpg.rf.c036f0146eddf5dfe74ab18440b1d0f0.jpg,0,0,0,0,0,1
Electrical-13-_jpg.rf.8ac3f0b685291ae19472de1f15ef5deb.jpg,0,0,0,1,0,0
Imgdirty_789_1_jpg.rf.943a82de460c3d39f20b1a7b4b89cf66.jpg,1,0,0,0,0,0
Imgdirty_277_1_jpg.rf.68892e5cd41219ea0351d63e5be0e9ff.jpg,1,0,0,0,0,0
Snow_68_jpg.rf.f073a10bdc1912ec9b1653656bf62c08.jpg,0,0,0,0,0,1
Physical_Damge_507_jpg.rf.2e15fe4f8b11476266d19ae242b8836e.jpg,0,0,0,0,1,0
Imgdirty_419_1_jpg.rf.11512723c24ea1af9279ef30477f1cb3.jpg,0,0,1,0,0,0
Snow_29_jpg.rf.3ae598ae22a41f9c3212c6733cf4e4d3.jpg,0,0,0,0,0,1
IMG_20230324_113800_jpg.rf.6baf9f5499477e7187efcdf4741a9264.jpg,0,0,1,0,0,0
Imgdirty_758_1_jpg.rf.dc959959d126c7d6d4f8c4a66b47fb6c.jpg,1,0,0,0,0,0
Imgdirty_274_1_jpg.rf.ce0b98a117cfe4d425787c0e94a88e80.jpg,1,0,0,0,0,0
Snow_27_jpg.rf.2b1bf851d16e98c5e9117431a9d78fa5.jpg,0,0,0,0,0,1
Physical_Damge_50_jpg.rf.e5621ea4fca1bacbc5a2dbbe1ef00973.jpg,0,0,0,0,1,0
Imgclean_1130_0_jpg.rf.133ac0cff24c175ef9dc521d0c27d022.jpg,0,1,0,0,0,0
Dusty_25_jpg.rf.71a5bc8f2938dc0270ebbfce3c23af6a.jpg,0,0,1,0,0,0
Dusty_170_jpg.rf.cfd9969da4147102b64ec8572864e811.jpg,0,0,1,0,0,0
Dusty_167_jpg.rf.ba278dadffa6165f8cfa0847d911ca21.jpg,0,0,1,0,0,0
IMG_20230323_170107_jpg.rf.8b57ee91bfea03776e89833fa2a67278.jpg,0,0,1,0,0,0
Imgclean_181_0_jpg.rf.957c188c13cbcf4c0f673c41ee3b3d2e.jpg,0,1,0,0,0,0
Snow_65_jpg.rf.f99b6ec7637f50c4a1cb336f2ee4409e.jpg,0,0,0,0,0,1
Snow_34_jpg.rf.c382d3ed1582b8d11b7e67e4d8617336.jpg,0,0,0,0,0,1
Snow_68_jpg.rf.5f372b75f87fa1add2a79ca99d818ffb.jpg,0,0,0,0,0,1
Snow_29_jpg.rf.d785e53455e6053169f887039dc89d3c.jpg,0,0,0,0,0,1
IMG_20230324_164356_jpg.rf.da59c3fe259749edf5c2fcd991dcad70.jpg,0,0,1,0,0,0
IMG_8614_jpg.rf.a1e6eb6f66685113e7f4a47e797539f8.jpg,1,0,0,0,0,0
Snow_11_jpg.rf.4f3dacd4547e0c89b3dc2dfba4c4d44d.jpg,0,0,0,0,0,1
Imgclean_1129_0_jpg.rf.ced89e0ab2a46b522f5f897404bf60c0.jpg,0,1,0,0,0,0
Imgclean_1118_0_jpg.rf.6ba698bf0e8bffd05732778d227c8d5f.jpg,0,1,0,0,0,0
IMG_20230324_164411_jpg.rf.f551667c6f04f72c7b3b9070a8c384eb.jpg,0,0,1,0,0,0
Snow_11_jpg.rf.7c0a94bd7615a9e8ab2c76e0bb940509.jpg,0,0,0,0,0,1
Electrical_Damge_2_jpg.rf.916f5fcf3dcc86c7d0e05637233eeea3.jpg,0,0,0,1,0,0
Electrical_Damge_2_jpg.rf.e7d360994c8d1bdd7e3d746efde372eb.jpg,0,0,0,1,0,0
Bird_drop_81_jpg.rf.19d8474c2095f7c834a07120ac4a37d7.jpg,1,0,0,0,0,0
Snow_47_jpg.rf.786317292af2acf564d9c5dcabfa5ea9.jpg,0,0,0,0,0,1
Snow_31_jpg.rf.43e77b5c638516d70f5fdba02f28eda2.jpg,0,0,0,0,0,1
Dusty_54_jpg.rf.dc1f66ccd954d81169ad1c1730fd9bdd.jpg,0,0,1,0,0,0
Electrical-64-_JPG.rf.fe92cba526092728c589fd43b11f70fc.jpg,0,0,0,1,0,0
Bird_drop_93_jpg.rf.60d16997146617fe2c16d3faaf9ba28e.jpg,1,0,0,0,0,0
Dusty_65_jpg.rf.47143de763b62452512431fb8431bdf2.jpg,0,0,1,0,0,0
Snow_70_jpg.rf.96da8d20dfba0d0fc2a1f27f04b16b5e.jpg,0,0,0,0,0,1
Imgclean_1128_0_jpg.rf.dc3437c85a04342a62f0e4563749f24e.jpg,0,1,0,0,0,0
Dusty_5_jpg.rf.6847446bb4961a2308c3a32090a6aa32.jpg,0,0,1,0,0,0
Dusty_20_jpg.rf.0cc1533e8c1837290475b9d6ac91fcc7.jpg,0,0,1,0,0,0
Snow_34_jpg.rf.8c66ec13cf119d949e72e9ef6e1aec0c.jpg,0,0,0,0,0,1
Bird_drop_76_jpg.rf.aa4acea016c0c5330390b1d8a68ac08f.jpg,1,0,0,0,0,0
IMG_20230324_110305_jpg.rf.b0bc00c5737ee226990dcff29d458e81.jpg,0,0,1,0,0,0
Electrical_Damge_29_jpg.rf.d8373b05c87a46ff35aa229fead20851.jpg,0,0,0,1,0,0
Electrical_Damge_124_jpg.rf.13bac0da3a2eca411f813c40e60f219b.jpg,0,0,0,1,0,0
Dusty_40_jpg.rf.fd0f7a62b2515ea5ee7b404610805740.jpg,0,0,1,0,0,0
Dusty_105_jpg.rf.78750bd775b8ee7f3e2adb564de5c60c.jpg,0,0,1,0,0,0
Dusty_62_jpg.rf.20d2a077419826e49a89ec9c477fff58.jpg,1,0,1,0,0,0
Snow_16_jpg.rf.67b65ffdd63af7f44b8a244155616ce4.jpg,0,0,0,0,0,1
Electrical-41-_jpg.rf.fddd7a6a1069b3fb7f8437941539e826.jpg,0,0,0,1,0,0
Electrical_Damge_89_jpg.rf.30eecb11b22cfa375758610731100ab5.jpg,0,0,0,1,0,0
Physical_Damge_529_jpg.rf.671068bac572b5bb31e3c70193cb0bf4.jpg,0,0,0,0,1,0
Electrical_Damge_53_jpg.rf.9120cfede9dab8ab9f652e87f89862ba.jpg,0,0,0,1,0,0
Electrical-46-_jpg.rf.1d7ff6b2fdd48a3fb70313fe4e17fa88.jpg,0,0,0,1,0,0
Screenshot-2023-04-02-002554_png.rf.18789a0b0e22f8b8f5389b5ab2fd5023.jpg,1,0,1,0,0,0
solar_Thu_Jun_15_10__6__18_2017_L_0-196277964115_I_0-240854901961_jpg.rf.c27865251df1ec78c29f62fb2454d377.jpg,1,0,1,0,0,0
Bird_drop_81_jpg.rf.b7b2bc94465e555bd8868e6eaf354c41.jpg,1,0,0,0,0,0
Imgdirty_393_1_jpg.rf.20a888ad92076695060bc6b69452bb24.jpg,1,0,0,0,0,0
IMG_20230324_164833_jpg.rf.988af02447a16edf8e7546e66694e8cd.jpg,0,0,1,0,0,0
Electrical-20-_jpg.rf.dc19ccd31a9ddaa4cda33f0aeb5c5f2d.jpg,0,0,0,1,0,0
IMG_20241003_090620_723_jpg.rf.4339d2de20da928f80b831728c1f4639.jpg,0,1,0,0,0,0
Physical_Damge_83_jpg.rf.81739a84dac3761024100815e3fcad8a.jpg,0,0,0,0,1,0
Snow_25_jpg.rf.90171dbedece8bb278f34e24c0ecdb89.jpg,0,0,0,0,0,1
Dusty_62_jpg.rf.fed87c0bc094152fbce553ad177e778b.jpg,1,0,1,0,0,0
Imgclean_1132_0_jpg.rf.f9deae975f779afec09483b9fe007843.jpg,0,1,0,0,0,0
Electrical_Damge_12_jpg.rf.7bf3f2fc786a624b8a748c8564f1aa7e.jpg,0,0,0,1,0,0
Dusty_62_jpg.rf.454a0cda40e60acf29738620bfd2f179.jpg,1,0,1,0,0,0
IMG_20230324_134107_jpg.rf.f803a997cc01a412feb23ad385836471.jpg,0,0,1,0,0,0
Physical_Damge_529_jpg.rf.d3f59ffef7508a0b213ab1d26de6e9b0.jpg,0,0,0,0,1,0
Bird_drop_93_jpg.rf.28813922bfc846929a3eaf06f9e68f4b.jpg,1,0,0,0,0,0
Dusty_180_jpg.rf.7e6a0fcc8c333160083be702822d6b20.jpg,0,0,1,0,0,0
Snow_34_jpg.rf.36c4403c93bd8f17567b1fff56d47d67.jpg,0,0,0,0,0,1
Imgdirty_882_1_jpg.rf.b25c349d081465f11b23a81a84c39a4f.jpg,0,0,1,0,0,0
Physical_Damge_49_jpg.rf.c2edbf0c3e44c0cfaae1f9b59ce03709.jpg,0,0,0,0,1,0
Physical_Damge_539_jpg.rf.bdf2f86fe726abb6438682722edc227f.jpg,0,0,0,0,1,0
Electrical-86-_JPG.rf.1703987ebcf231fdd6fed40779e6f9ad.jpg,0,0,0,1,0,0
IMG_20241003_091439_666_jpg.rf.0f3e13d5ac75884322c0a5b62dc7a4ac.jpg,0,1,0,0,0,0
Snow_35_jpg.rf.a227f94f2e86170d9aa13895a8d2a5c4.jpg,0,0,0,0,0,1
Electrical_Damge_53_jpg.rf.5a6be0ce7021131d66577f9e1e97ad93.jpg,0,0,0,1,0,0
Imgdirty_775_1_jpg.rf.8c04e6c0d2da0dc28e4bc77d3cf368f9.jpg,1,0,0,0,0,0
Bird_drop_82_jpg.rf.a96b126d2b49ebd5e582176ced7784f5.jpg,1,0,0,0,0,0
Bird_drop_95_jpg.rf.f5d75bddaa9116b20cc2076aed8108f7.jpg,1,0,0,0,0,0
Snow_39_jpg.rf.02ce7f54306d13187ce86a5d66df2007.jpg,0,0,0,0,0,1
IMG_8617_jpg.rf.6551812386e7f8c1e7bd7c80970987a4.jpg,1,0,0,0,0,0
Physical_Damge_79_jpg.rf.422670a5159a311d338a219139208efb.jpg,0,0,0,0,1,0
Snow_76_jpg.rf.36388639c33f2c814ad08c98cf6a803c.jpg,0,0,0,0,0,1
Snow_16_jpg.rf.8a7eca29aae9550427977858792383d9.jpg,0,0,0,0,0,1
Snow_1_jpg.rf.8e599d63d272419712ca5d2f68b4fff2.jpg,0,0,0,0,0,1
Imgdirty_764_1_jpg.rf.20357c4733f7369155f6a9162c24bb44.jpg,1,0,0,0,0,0
Electrical_Damge_2_jpg.rf.2b16eaa9c00d685371c02dbd1cf93614.jpg,0,0,0,1,0,0
Snow_4_jpg.rf.a32f3300888833c2e12a7593e0f3bda3.jpg,0,0,0,0,0,1
Electrical-11-_jpg.rf.8bfd6bf9a3411dd07cf809a7fd92b275.jpg,0,0,0,1,0,0
Snow_1_jpg.rf.cb24a653a91738986328646a0a44e3de.jpg,0,0,0,0,0,1
Imgclean_1120_0_jpg.rf.0a8a3fa74518c94209b4041bb22f508e.jpg,0,1,0,0,0,0
Snow_76_jpg.rf.44fd7bee8688a749bf9e54a60cde34f7.jpg,0,0,0,0,0,1
Snow_41_jpg.rf.4c0c43c91928126c1175227f5bf4f629.jpg,0,0,0,0,0,1
Dust-3-_jpg.rf.693e0bcf5f38c522f7b419661f90cf9d.jpg,0,0,1,0,0,0
solar_Thu_Jun_15_16__26__3_2017_L_0-430377638472_I_0-258988235294_jpg.rf.a65b17ca286a010b9b8a899803634abb.jpg,0,0,1,0,0,0
Snow_56_jpg.rf.3149a1387608be0b3f2a3ecd40f2caa9.jpg,0,0,0,0,0,1
Physical_Damge_77_jpg.rf.bb517f65c453b5b176146f19fc966726.jpg,0,0,0,0,1,0
Electrical_Damge_32_jpg.rf.0b6ac190ee2de84a7cfb96f19f8fe24a.jpg,0,0,0,1,0,0
Electrical_Damge_2_jpg.rf.7d0b5e6b13ed5d69d0778f91451c0ed3.jpg,0,0,0,1,0,0
Dusty_62_jpg.rf.0e0a6e0dea61c8476a6138799fd4fcbc.jpg,1,0,1,0,0,0
Electrical_Damge_130_jpg.rf.9c92504b18bf4130b4a21b6a9f702ef2.jpg,0,0,0,1,0,0
Electrical_Damge_55_jpg.rf.659f05f2a0a0e019d04a4e66d64066ab.jpg,0,0,0,1,0,0
Imgdirty_736_1_jpg.rf.1ecdc22dce9fc4ee9ddc69f954a59d7c.jpg,0,0,1,0,0,0
Snow_4_jpg.rf.78c13a504b6ec130ddd0eb102d30fb19.jpg,0,0,0,0,0,1
Snow_53_jpg.rf.984f0f212bb6e8a980658271807d6f69.jpg,0,0,0,0,0,1
Bird_drop_95_jpg.rf.b81ffe0bf7e8749081a110aed6e2a9a8.jpg,1,0,0,0,0,0
Electrical_Damge_32_jpg.rf.9f994bf4285152fcab4d469a52283899.jpg,0,0,0,1,0,0
Electrical_Damge_32_jpg.rf.cf84b8d6aeb6db7e47c2ff15fbdebed4.jpg,0,0,0,1,0,0
Snow_27_jpg.rf.3ef572c064058dbf87af2f0218fdc01f.jpg,0,0,0,0,0,1
Electrical_Damge_2_jpg.rf.cedbff4610dca569ce2833c645366df7.jpg,0,0,0,1,0,0
Snow_42_jpg.rf.82491d392868837dcf1728b4e56ec2fa.jpg,0,0,0,0,0,1
IMG_20230324_164700_jpg.rf.1d0047a5e5f3eaca020e9ee4d7a1cc9c.jpg,0,0,1,0,0,0
IMG_20230324_113137_jpg.rf.55550d9362fad35339cc9bebc1ab7cc5.jpg,0,0,1,0,0,0
Electrical_Damge_2_jpg.rf.a0d5107848eef3a4a49e12da3787bedc.jpg,0,0,0,1,0,0
Snow_50_jpg.rf.d52a3edeb6b2361cf145dada80276ca5.jpg,0,0,0,0,0,1
Snow_52_jpg.rf.514d8df849681d7ec35197b419cb3108.jpg,0,0,0,0,0,1
Electrical_Damge_10_jpg.rf.f7b466f1e6e9d6ceffcfb2e503c0ad20.jpg,0,0,0,1,0,0
Snow_42_jpg.rf.a7498d493681ed7b8cb07f346193aace.jpg,0,0,0,0,0,1
Dusty_62_jpg.rf.47736cdf0801a155cf890ede42eabd62.jpg,1,0,1,0,0,0
Snow_44_jpg.rf.282577ba58563c5fa2b00fdafa2c72b6.jpg,0,0,0,0,0,1
IMG-20230418-WA0046_jpg.rf.a6b3f2ebeec56ba5b2b83c74c171657d.jpg,1,0,1,0,0,0
Imgdirty_40_1_jpg.rf.97595dee0705d6cd54ed74fd02038909.jpg,0,0,1,0,0,0
IMG-20230418-WA0058_jpg.rf.ca2fba257ad41aad607990d0e7f7d2c5.jpg,1,0,0,0,0,0
IMG_8620_jpg.rf.d22fdb77faec50a858919e843f3c07be.jpg,1,0,0,0,0,0
IMG_20241003_091620_755_jpg.rf.ccd0def9aceab81af16b485b16a5619c.jpg,0,1,0,0,0,0
Snow_50_jpg.rf.1930c68d7ff38a464ba189c463d7cfbe.jpg,0,0,0,0,0,1
Electrical_Damge_58_jpg.rf.0aabf4e683f7a0f489f105c5b5a7c4e5.jpg,0,0,0,1,0,0
Snow_54_jpg.rf.a3502651770f41c22b1b068111279858.jpg,0,0,0,0,0,1
IMG_20230324_171708_jpg.rf.5e0d908d3d6c982a23f43eaaafe14c89.jpg,0,0,1,0,0,0
Dusty_107_jpg.rf.0e9ea1cfc0726e9f1dfb6c8bc46a16f7.jpg,0,0,1,0,0,0
Snow_43_jpg.rf.c481826c77af9acdcc21e8c44beb3bb4.jpg,0,0,0,0,0,1
Snow_54_jpg.rf.2aa3a79bfa0eac5f2c750ee5b1531957.jpg,0,0,0,0,0,1
Snow_41_jpg.rf.3f2a2d4412ac06441b8baaae231425c9.jpg,0,0,0,0,0,1
IMG_20230324_113554_jpg.rf.4437416141bcab07260d5276c31332ac.jpg,0,0,1,0,0,0
Snow_52_jpg.rf.dc4c370107a2693f39dcb828c9227bdf.jpg,0,0,0,0,0,1
Dusty_90_jpg.rf.5e19fd6224e224f9f905a18324b2b25a.jpg,0,0,1,0,1,0
Bird_drop_99_jpg.rf.682aa458572e583c013b48cc6f43ac00.jpg,1,0,0,0,0,0
Physical_Damge_476_jpg.rf.c7c194c27cf42b4896853cd24ba378b1.jpg,0,0,0,0,1,0
Snow_59_jpg.rf.19f8e116b32c52afb7fe17cd576cc7ce.jpg,0,0,0,0,0,1
Physical_Damge_482_jpg.rf.8c98bb148772d0b5e99328537d502b4b.jpg,0,0,0,1,1,0
Electrical_Damge_58_jpg.rf.ced64841d3d812d5d7e05be63c9370d1.jpg,0,0,0,1,0,0
IMG_20241003_091611_687_jpg.rf.63d1b4a00e12138fb7d407a682f93d74.jpg,0,1,0,0,0,0
Physical_Damge_486_jpg.rf.c9e66b988f26adbd5f5db79cb340ccf7.jpg,0,0,0,0,1,0
Snow_42_jpg.rf.3bdffdcdd30400d14b9a870c31a457b5.jpg,0,0,0,0,0,1
Imgdirty_769_1_jpg.rf.8506028d0c8fa90d7b0fd3a7d9499f4b.jpg,0,0,1,0,0,0
Snow_64_jpg.rf.a7cf276da50288685a43752cf1aec0da.jpg,0,0,0,0,0,1
IMG_20241003_090629_616_jpg.rf.aeecdcf8d33f00678834be2fd21836a5.jpg,0,1,0,0,0,0
Electrical_Damge_3_jpg.rf.62e1dbace9c84fccf3d59f63a66c8136.jpg,0,0,0,1,0,0
IMG_20241003_091416_766_jpg.rf.055cf8bc7f4cc0289088eb727998002e.jpg,0,1,0,0,0,0
IMG_8621_jpg.rf.2ac3afa092e9a5153b77109b4876dc50.jpg,1,0,0,0,0,0
Imgdirty_911_1_jpg.rf.26c62c8e855481170bd9351e1b4b98d0.jpg,0,0,1,0,0,0
Electrical_Damge_5_jpg.rf.84104e9ba168d177d4bac142ecd191fe.jpg,0,0,0,1,0,0
Electrical_Damge_38_jpg.rf.4692c54cf22e840d22b3887adbb4d04b.jpg,0,0,0,1,0,0
Electrical_Damge_38_jpg.rf.f7df7da22164863bd1a6534de8946135.jpg,0,0,0,1,0,0
Snow_60_jpg.rf.796a34031db86b7b7e9917110dd9a7bf.jpg,0,0,0,0,0,1
Dusty_90_jpg.rf.d0283b52a558c3c44967d062ef8ac022.jpg,0,0,1,0,1,0
Physical_Damge_482_jpg.rf.80a49954c43b007a3da81c07b776f595.jpg,0,0,0,0,1,0
Imgdirty_949_1_jpg.rf.51ebacba0c04ee98d45ed53f07ff21da.jpg,1,0,1,0,0,0
Bird_drop_48_jpg.rf.b5c3c555c6fc90eaeade7ce2faf36d72.jpg,1,0,0,0,0,0
Electrical-49-_jpg.rf.bcd477a272fbdc0f665f477300190411.jpg,0,0,0,1,0,0
Imgdirty_781_1_jpg.rf.fa96c7d666bf14ab2d09595ee76ab4f7.jpg,0,0,1,0,0,0
solar_Wed_Jun_21_8__33__7_2017_L_0-343571161824_I_0-388537254902_jpg.rf.34e68e632d74fc37d7c0dc149084ee23.jpg,0,0,1,0,0,0
Imgdirty_299_1_jpg.rf.e2ebdf98691da323b30cb4b186b9a003.jpg,1,0,0,0,0,0
Snow_5_jpg.rf.0595140d6d56aeac1bfc59739c907aff.jpg,0,0,0,0,0,1
Dusty_99_jpg.rf.7e43cae0d60fe07018546d8a126b151d.jpg,0,0,1,0,0,0
IMG_20241003_090625_126_jpg.rf.6b801230a719002415d7c3539bf9797a.jpg,0,1,0,0,0,0
Imgdirty_783_1_jpg.rf.2784afb59c170ce8b4cdb8000202d2ff.jpg,0,0,1,0,0,0
Imgdirty_779_1_jpg.rf.fd6629ebeb87d9af37eb55ae3bd4487e.jpg,1,0,0,0,0,0
Imgdirty_945_1_jpg.rf.1e42144c4f905de69d986ca01de8bb7e.jpg,0,0,1,0,0,0
Electrical_Damge_5_jpg.rf.d5b9bc5cea2e7ea6cbaefca75809ccff.jpg,0,0,0,1,0,0
Imgdirty_189_1_jpg.rf.26b112c8e9dc0adbe63dd93fa3ce3603.jpg,1,0,1,0,0,0
Bird_drop_55_jpg.rf.eff0c50f909b86186dc6ec7b1676d1a0.jpg,1,0,1,0,0,0
Imgdirty_443_1_jpg.rf.4cc4fad4a21c9555879b53a88745b4a5.jpg,0,0,1,0,0,0
Imgdirty_940_1_jpg.rf.388a058bcda98aea85c94e9489b36650.jpg,0,0,1,0,0,0
Imgdirty_947_1_jpg.rf.31be694981ce78eefb218d7772e53f25.jpg,1,0,0,0,0,0
Electrical_Damge_40_jpg.rf.919340ee6d7a42265906b1814d8bcbec.jpg,0,0,0,1,0,0
Bird_drop_50_jpg.rf.ff000ffa1170b8759bbdae7df761d2c1.jpg,1,0,0,0,0,0
Electrical_Damge_127_jpg.rf.6f3fcd9807c174bbcf26c02a29c95a53.jpg,0,0,0,1,1,0
Dusty_189_jpg.rf.d5084977fbbec8bf5548bb72ce21874d.jpg,0,0,1,0,0,0
Imgclean_55_0_jpg.rf.3395c46d1593078262dcda122007ab7c.jpg,0,1,0,0,0,0
Dusty_9_jpg.rf.dda01b6e1848bfe668c9ef2b29a93480.jpg,0,0,1,0,0,0
IMG_20241003_091459_917_jpg.rf.ceb6613afea5fe87350077870783b08a.jpg,0,1,0,0,0,0
Electrical-73-_JPG.rf.1d5a886325bd003261662946e9036c8d.jpg,0,0,0,1,0,0
Bird_drop_55_jpg.rf.f3933266770313ed3a07329bc5cc0161.jpg,1,0,1,0,0,0
Electrical-37-_jpg.rf.221061f2990ad7c97d706ba4ce50b721.jpg,0,0,0,1,0,0
Imgclean_1116_0_jpg.rf.b3455dc334a482a20830f2bc44bc4854.jpg,0,1,0,0,0,0
Imgdirty_954_1_jpg.rf.8b12cf9139f3943e1c77153ebb0737e5.jpg,1,0,0,0,0,0
Imgdirty_260_1_jpg.rf.1223820ae33018a5de8e5b40cf98365e.jpg,0,0,1,0,0,0
Bird_drop_59_jpg.rf.e917b06db93276f0fe9523d0c7aeaeb8.jpg,1,0,0,0,0,0
Electrical_Damge_35_jpg.rf.7301a6f314c33859e35595dab812169c.jpg,0,0,0,1,0,0
Electrical_Damge_60_jpg.rf.a6c46fd10cc72c41be76f43b95b3a2e5.jpg,0,0,0,1,0,0
Electrical_Damge_16_jpg.rf.fb642a4da617f86cd2ae73bb90d1635b.jpg,0,0,1,1,0,0
Snow_65_jpg.rf.7b7829c9b1942f446dd41213ab6b9166.jpg,0,0,0,0,0,1
Dusty_71_jpg.rf.0d4e366fdca8c217e99080046e2b9129.jpg,0,0,1,0,0,0
Dusty_98_jpg.rf.aa5394d026afcf36d0953bb2a2ab1a26.jpg,0,0,1,0,0,0
Bird_drop_50_jpg.rf.7b878088c2aa08e82b7780dfb133f401.jpg,1,0,0,0,0,0
Electrical-36-_jpg.rf.10918b3e61f1d5de21dfcd763353ae9c.jpg,0,0,0,1,0,0
Electrical_Damge_42_jpg.rf.c563ca9f12707792df25c6cb598dd89e.jpg,0,0,0,1,0,0
Dusty_189_jpg.rf.dfca79c5dec67044dd5e31d526a81d40.jpg,0,0,1,0,0,0
Bird_drop_59_jpg.rf.eb8fe9ee9fe7c2be173b960d21723585.jpg,1,0,0,0,0,0
Screenshot-2023-04-18-011936_png.rf.9281f95265c939ef71fc0c1861fc8c07.jpg,1,0,0,0,0,0
Imgdirty_39_1_jpg.rf.45214a5fc50c04957daf1d018b0e87de.jpg,0,0,1,0,0,0
Imgdirty_811_1_jpg.rf.aeecb0be334608af6d090042f46bf103.jpg,0,0,1,0,0,0
Imgdirty_372_1_jpg.rf.547f712ee11db45e57092a1941ffb5c2.jpg,1,0,0,0,0,0
IMG_20230324_104450_jpg.rf.00870166bcbd5bea6c88e1c3df5456f2.jpg,0,0,1,0,0,0
Electrical_Damge_85_jpg.rf.2a72486f52bb17d9a21f898ddaee50d6.jpg,0,0,0,1,1,0
Electrical_Damge_48_jpg.rf.9036d20e90d1d0cd1f675b6b28d81372.jpg,0,0,0,1,0,0
Electrical_Damge_40_jpg.rf.f8e81549b0d6e5acc25a4cca5dc9c97d.jpg,0,0,0,1,0,0
Electrical-53-_JPG.rf.aa7138ce3dc5b02d445e21e357ac2304.jpg,0,0,0,1,0,0
Electrical_Damge_48_jpg.rf.9938e70bb6ef363bac66d334911f552a.jpg,0,0,0,1,0,0
Dusty_64_jpg.rf.458432ec6448de1f9f11cdf226f71c67.jpg,1,0,0,0,0,0
IMG_20241003_090634_523_jpg.rf.995ba26baaf0a47687c0d270a15a9c84.jpg,0,1,0,0,0,0
Dusty_28_jpg.rf.68a8bcf081c23e19fe78a93981e72e44.jpg,0,0,1,0,0,0
Dusty_26_jpg.rf.044f265553b7c1cce6e33391eb9af509.jpg,0,0,1,0,0,0
Electrical-21-_jpg.rf.bb5c783828f7470d3ce9e50f65309147.jpg,0,0,0,1,0,0
Electrical_Damge_34_jpg.rf.408d32faee872cf48af0dda2aa22d7cf.jpg,0,0,0,1,0,0
Electrical_Damge_92_jpg.rf.ce11d1205bca2e19366bee992545a51f.jpg,0,0,0,1,0,0
Electrical_Damge_17_jpg.rf.de1b59cd19b4663fd0a1fc4f8585a94f.jpg,0,0,0,1,0,0
Electrical_Damge_57_jpg.rf.a07a4845066e3925dbef4013c36f48c3.jpg,0,0,0,1,0,0
Imgclean_1154_0_jpg.rf.308f1482352ecfe291d7fc08a1807f96.jpg,0,1,0,0,0,0
Electrical_Damge_49_jpg.rf.710a7f4244d7c0acf8ff928c4f9fbb96.jpg,0,0,0,1,0,0
Electrical_Damge_48_jpg.rf.ea9ea02e12c30bac93ea9c73521669af.jpg,0,0,0,1,0,0
Dusty_24_jpg.rf.cbd1ce0882b60277d1ebc18db940ad91.jpg,0,0,1,0,0,0
Imgdirty_813_1_jpg.rf.98c82c17f7562fc2a2a81c0651c215e2.jpg,1,0,1,0,0,0
Dusty_84_jpg.rf.182f55ddbd815ebe82106360ad01a057.jpg,0,0,1,0,0,0
Imgdirty_376_1_jpg.rf.3c0a317c8335df34235176866dd5b9c5.jpg,1,0,0,0,0,0
Dusty_34_jpg.rf.d3c9bc03356ad655400486b7100081e0.jpg,0,0,1,0,0,0
Dusty_126_jpg.rf.0c5750cf95c3360042220ddf65780e06.jpg,0,0,1,0,0,0
Dusty_129_jpg.rf.4a1c6b9d16f75582d00ce3f20e2c0c0b.jpg,0,0,1,0,0,0
IMG_20230324_160307_jpg.rf.28f29db301709d07414a18cc60c9f66e.jpg,0,0,1,0,0,0
Dust-130-_jpg.rf.61a737bddabadee1fc009aa5f2465d35.jpg,0,0,1,0,0,0
IMG_20230323_165800_jpg.rf.1dfdf0d709ec6b41209af859b295b46c.jpg,0,0,1,0,0,0
Dusty_131_jpg.rf.e0a6b1d99016dc9c4f88967fba9d97da.jpg,0,0,1,0,0,0
Electrical_Damge_113_jpg.rf.38d56016bcabcad7d5726c65a006d82f.jpg,0,0,0,1,0,0
Electrical_Damge_119_jpg.rf.c5b73532b7ca6c3b25f6982d0551a7f7.jpg,0,0,0,1,0,0
Bird_drop_104_jpg.rf.2ccddea93cc8f440b4631f145363b1a4.jpg,1,0,0,0,0,0
IMG_20241003_090551_177_jpg.rf.6f8af3fbb749c84b882f9c2a7d1fb08a.jpg,0,1,0,0,0,0
Dusty_31_jpg.rf.aa8e5961937619249fe09b717dfcb43c.jpg,1,0,0,0,0,0
solar_Thu_Jun_15_15__13__37_2017_L_0-408154609327_I_0-212654901961_jpg.rf.86f7f1b74c55e2d8b5f233ca91f3f107.jpg,0,0,1,0,0,0
IMG_20241003_091059_584_jpg.rf.7ea1832ea85b435543830fdabbc87e88.jpg,0,1,0,0,0,0
Dusty_128_jpg.rf.23c6e10a2c1fa2b9a91aef72b0437655.jpg,0,0,1,0,0,0
Bird_drop_67_jpg.rf.f4eea7a7c3914f40daf225e630975189.jpg,1,0,0,0,0,0
Electrical_Damge_121_jpg.rf.2c6419a1b5724c8233b954af6e240283.jpg,0,0,0,1,0,0
Imgclean_1143_0_jpg.rf.c1134bea9050f349b0f9716c71340be3.jpg,0,1,0,0,0,0
Electrical_Damge_124_jpg.rf.702ad027f538896731b989bd0930d564.jpg,0,0,0,1,0,0
IMG_20241003_090459_309_jpg.rf.c6f7178c0f1994a8d3382698c4fe2471.jpg,0,1,0,0,0,0
Dusty_161_jpg.rf.a20fc0a9aa3a413612104f567ec82fb1.jpg,0,0,1,0,0,0
Bird_drop_104_jpg.rf.ac3aac619ca06805a054b5196e0cae62.jpg,1,0,0,0,0,0
Dusty_119_jpg.rf.cc5b00abe785e45ea06c76e99538231b.jpg,0,0,1,0,0,0
Electrical_Damge_122_jpg.rf.5db27281e8d25a954b86be6b6c3e784c.jpg,0,0,0,1,0,0
Imgdirty_250_1_jpg.rf.5d55d7eccb613592416ea89717a7d353.jpg,0,0,1,0,0,0
Imgdirty_341_1_jpg.rf.8c35d0a0e478654555f376a21ca01cbf.jpg,0,0,1,0,0,0
Electrical_Damge_124_jpg.rf.84acf24e4acb4a423cef17caee26aac1.jpg,0,0,0,1,0,0
Electrical-56-_jpg.rf.615b60e2f44b3156fb330e88884c3c92.jpg,0,0,0,1,0,0
Electrical_Damge_122_jpg.rf.3c604c349a025eeadec2ae5f07c4cb3b.jpg,0,0,0,1,0,0
IMG_20230323_165331_jpg.rf.a7677235b4a32cf63a797d2da178dc8e.jpg,0,0,1,0,0,0
Imgdirty_809_1_jpg.rf.47d9bb849f142a2c0fb12ae0a71abf7f.jpg,1,0,0,0,0,0
Dusty_119_jpg.rf.ec1a393b99e0bb5220ecab5d187adbf0.jpg,0,0,1,0,0,0
Bird_drop_67_jpg.rf.d9ccec7b956d856d9b0ecadcc1fa8d80.jpg,1,0,0,0,0,0
Imgclean_1160_0_jpg.rf.6db622cc7875c8a832000c26a4c58f08.jpg,0,1,0,0,0,0
Imgdirty_378_1_jpg.rf.9b374ab0467dd1b1f404bc820f6e990a.jpg,1,0,0,0,0,0
Dusty_137_jpg.rf.cee02d52edf3d34b77b6e9782dc67af1.jpg,0,0,1,0,0,0
Dusty_130_jpg.rf.485c571d77bb2324dcccff34867a2baa.jpg,0,0,1,0,0,0
Physical_Damge_406_jpg.rf.d6f6afa40776d751268e2e2a84307d6d.jpg,0,0,0,0,1,0
Dusty_123_jpg.rf.c25d5cb438fcfe32187cf527e8fffbff.jpg,0,0,1,0,0,0
Dusty_133_jpg.rf.2e328a9ddc7618c0851765556b22fec7.jpg,0,0,1,0,0,0
Electrical_Damge_127_jpg.rf.c22c0d2edde794ae7bc859d6d89cc6db.jpg,0,0,0,1,1,0
Bird_drop_16_jpg.rf.78935808166bf7a81a5f5e7a00705b71.jpg,1,0,0,0,0,0
Dusty_121_jpg.rf.d1c7bb34dcd76957628aba14e0df2026.jpg,0,0,1,0,0,0
IMG_8593_jpg.rf.836d6cb051a5af8c482f92bc7a23473a.jpg,0,0,1,0,0,0
Imgdirty_96_1_jpg.rf.1e43123912e6c311abf0a747649accbc.jpg,1,0,0,0,0,0
Bird_drop_16_jpg.rf.562e722ea99494a6d2c54532bc5306a8.jpg,1,0,0,0,0,0
Imgclean_1138_0_jpg.rf.850f6c93e3e4f2d49b508ce7512ec0c2.jpg,0,1,0,0,0,0
Bird_drop_12_jpg.rf.c73ba3e8ade1eeb50d58eaead5a159a7.jpg,1,0,1,0,0,0
solar_Wed_Jun_14_8__15__49_2017_L_0-0987686540606_I_0-165290196078_jpg.rf.8ee21e1ba6e9a4a96dfafc944d5fd50d.jpg,1,0,1,0,0,0
IMG_20241003_090550_591_jpg.rf.bdd51c0dbb2b28dbdc51ffd4fbf98b8a.jpg,0,1,0,0,0,0
IMG_20241003_091058_842_jpg.rf.9b29a136d9a16baca7e165a609a73f65.jpg,0,1,0,0,0,0
IMG_8591_jpg.rf.d6f55ed8894113dc81ce4162fb77acca.jpg,0,0,1,0,0,0
Physical_Damge_411_jpg.rf.c2e829a80bb1a2679316602d05545650.jpg,0,0,0,0,1,0
Dusty_135_jpg.rf.42121ccbc3a1b94cf59a1a4642897681.jpg,0,0,1,0,0,0
Physical_Damge_416_jpg.rf.f660ef8ddab8ff4968a7874b5c4a13a9.jpg,0,0,0,0,1,0
Imgdirty_423_1_jpg.rf.4e31eaa7195eba97e10e61d347e66bdc.jpg,1,0,0,0,0,0
IMG_20241003_091119_576_jpg.rf.2512949e6a0616737994e89880064ef4.jpg,0,1,0,0,0,0
Imgclean_1139_0_jpg.rf.c7c77bc90f4ecc5359661e1b5e6f4c18.jpg,0,1,0,0,0,0
Electrical_Damge_12_jpg.rf.7b25a5efaeb137ea28447c0aa1bb91d1.jpg,0,0,0,1,0,0
Dusty-solar-panels-in-Gansu-province-Credit-Michael-Hall-Getty-Images-1200-2-_jpg.rf.f0c71b6c1239e16706b18559392fe169.jpg,0,0,1,0,0,0
Imgdirty_337_1_jpg.rf.24c500c5208fb222858a9e00694e669c.jpg,0,0,1,0,0,0
IMG_20241003_091107_290_jpg.rf.8f34cb8adaf98c282e26406c50852332.jpg,0,1,0,0,0,0
Dust-147-_jpg.rf.3be879a793a1dfe4e26b1d39f5ab4b64.jpg,0,0,1,0,0,0
IMG_20230319221952_3069230183487404545-jpg_23_jpg.rf.7da7018321ff64e197301e28a282207e.jpg,0,0,1,0,0,0
Imgdirty_974_1_jpg.rf.50b61345b05b784a9bee3cdd608ca714.jpg,0,0,1,0,0,0
Dusty_33_jpg.rf.611ea9653b57bce1b97336ccfba7ba9e.jpg,0,0,1,0,0,0
Imgdirty_861_1_jpg.rf.9429e7a9a5d8370d1709b698655294e8.jpg,1,0,0,0,0,0
Dust-8-_jpg.rf.5b86e21d31bbd41aeb7627568f1c248e.jpg,0,0,1,0,0,0
IMG_20241003_091253_110_jpg.rf.1b7f7e3caabe0144ff93e0916e400fc2.jpg,0,1,0,0,0,0
Physical_Damge_437_jpg.rf.4f3214b18a543e1aa181f4c5c222febd.jpg,0,0,0,0,1,0
Imgclean_1112_0_jpg.rf.28fa9cfc25151e7e75939b3e52a40b6b.jpg,0,1,0,0,0,0
Bird_drop_61_jpg.rf.cd45f5ecc227539acb08de10500e874c.jpg,1,0,0,0,0,0
IMG_20241003_090937_497_jpg.rf.2624579ebeea5754f81c0f55904ff58b.jpg,0,1,0,0,0,0
Dusty_123_jpg.rf.2d90e066f12386d1c79b277e8c49600c.jpg,0,0,1,0,0,0
IMG_20241003_091006_543_jpg.rf.a9fb2f2ebba8620326b12109e1773aa5.jpg,0,1,0,0,0,0
Dusty_31_jpg.rf.435c6a652981685400598227a3961c14.jpg,1,0,0,0,0,0
IMG_20241003_091033_670_jpg.rf.554498a7971c8f5bae1ad45a87383196.jpg,0,1,0,0,0,0
Imgdirty_732_1_jpg.rf.0f6640a23bc04d422b5dfd15c3bc5dd8.jpg,0,0,1,0,0,0
Physical_Damge_468_jpg.rf.246e9b4b4122191379da447391c5ce0f.jpg,0,0,0,0,1,0
Bird_drop_93_jpg.rf.4e032bca013914c8c441abe16eb7d1f5.jpg,1,0,0,0,0,0
Dust-189-_jpg.rf.0fc9af80095b60c274826129e821fdb0.jpg,0,0,1,0,0,0
Imgclean_1113_0_jpg.rf.3d5335d3d26d0a2cc5f26bcc27f9de60.jpg,0,1,0,0,0,0
Physical_Damge_44_jpg.rf.601fde99c8c741a875419524859f43d3.jpg,0,0,0,0,1,0
Electrical-23-_jpg.rf.bbad24b24e3759f4e663f333ddddf0c8.jpg,0,0,0,1,0,0
Imgclean_1110_0_jpg.rf.438d99549aa01c1fef515603812a4c70.jpg,0,1,0,0,0,0
Imgdirty_187_1_jpg.rf.3e553bdb556f5d1c0489add47948f654.jpg,1,0,1,0,0,0
Physical_Damge_382_jpg.rf.577d1545a70182919b99ff2db2086a89.jpg,0,0,0,1,0,0
IMG_20241003_090553_594_jpg.rf.dac7f7eef086656441a971585c4db12b.jpg,0,1,0,0,0,0
Physical_Damge_464_jpg.rf.75ef8f2768fff8e2562c8c0677c8f601.jpg,0,0,0,0,1,0
Physical_Damge_460_jpg.rf.739726fcfafc7b144c21fd28f187eac8.jpg,0,0,0,0,1,0
Imgclean_1115_0_jpg.rf.7a6605614e1aebab3af32fcf492b4d20.jpg,0,1,0,0,0,0
Dust-173-_jpg.rf.d40dd4a46947bf961eedcd2c8cd28670.jpg,0,0,1,0,0,0
Imgclean_1111_0_jpg.rf.9880be93f1f5d3cc9c0333a90906258e.jpg,0,1,0,0,0,0
IMG_20230323_171016_jpg.rf.bc7df5ca1db8a1e47b1e5deef76c72a2.jpg,0,0,1,0,0,0
Physical_Damge_471_jpg.rf.55887780f16731cc99ddae0213d10269.jpg,0,0,0,0,1,0
Physical_Damge_477_jpg.rf.95d167eb2d3f66cbdaf1bf86e12bbdae.jpg,0,0,0,0,1,0
IMG_20241003_091355_338_jpg.rf.b47522ae82a0850da9ae9602a2f49eeb.jpg,0,1,0,0,0,0
IMG_20241003_091100_401_jpg.rf.ab25df8f689b5a69657b3407921bbcfe.jpg,0,1,0,0,0,0
Bird_drop_64_jpg.rf.b875636a7e9035486a22273388b48d4f.jpg,0,0,0,0,0,0
Dust-36-_jpg.rf.e775c03717a126294406ccee9e4dda18.jpg,0,0,1,0,0,0
Physical_Damge_67_jpg.rf.aa9596085bdd5e2b10c1f3673996025d.jpg,0,0,0,0,1,0
Bird_drop_98_jpg.rf.4f61d637ed6374e6a3632bf3058bad91.jpg,1,0,0,0,0,0
Electrical-39-_jpg.rf.0af9f4f234a9d352f0a36346a766e760.jpg,0,0,0,1,0,0
IMG_20241003_091400_163_jpg.rf.8460a9eae9176477376645bb65df0590.jpg,0,1,0,0,0,0
Physical_Damge_464_jpg.rf.fde829fc1ecf8df26fd73dfe6930fb8f.jpg,0,0,0,0,1,0
Bird_drop_89_jpg.rf.0a5f3eece066a6b79e099826553da7cf.jpg,1,0,0,0,0,0
Electrical_Damge_119_jpg.rf.b263eea6033dbdc8da78dd59f0afa4ea.jpg,0,0,0,1,0,0
Electrical_Damge_107_jpg.rf.4286fc705b2509ef643b57c8bc9507df.jpg,0,0,0,1,0,0
Snow_45_jpg.rf.38876f193acdffde74f6cd8553723407.jpg,0,0,0,0,0,1
Snow_14_jpg.rf.6e25f17fa5406dfe654e5f8c27dd71e3.jpg,0,0,0,0,0,1
Physical_Damge_89_jpg.rf.2207698ed8eb20bd59b55efaef120da4.jpg,0,0,0,0,1,0
Bird_drop_103_jpg.rf.1c5d453608b262ed4b7bbb6d91452688.jpg,1,0,0,0,0,0
Bird_drop_103_jpg.rf.3e71e25a72bd7544509a4b0823f8ea34.jpg,1,0,0,0,0,0
Snow_7_jpg.rf.efe5198df5abc4998e85b9358169293a.jpg,0,0,0,0,0,1
Snow_43_jpg.rf.e7e872695991344e6721ff1d31e839b3.jpg,0,0,0,0,0,1
Electrical_Damge_121_jpg.rf.0287d368b684d7a6d7ab4f2d27320066.jpg,0,0,0,1,0,0
solar_Wed_Jun_14_9__10__4_2017_L_0-087244365082_I_0-232792156863_jpg.rf.e3471c9c1ee81d0337a5ac04c0146611.jpg,1,0,1,0,0,0
Imgclean_179_0_jpg.rf.56401ec52a3dd9d121cd6dfac7ce0740.jpg,0,1,0,0,0,0
Physical_Damge_97_jpg.rf.6823a694bb96782532148229c9bdbd26.jpg,0,0,0,0,1,0
Electrical_Damge_27_jpg.rf.70e2a553d870844182637515d9732c7f.jpg,0,0,0,1,0,0
Screenshot-2023-04-02-002333_png.rf.26e2b50b8a182717b74e9f1e0c45a8b9.jpg,1,0,0,0,0,0
Bird_drop_24_jpg.rf.ad1e9b515eec2315122a694a4f016094.jpg,1,0,0,0,0,0
Snow_15_jpg.rf.7c51825c488cdf44cd5b4868dcffc4b4.jpg,0,0,0,0,0,1
Electrical_Damge_129_jpg.rf.2a32fd8580556e2d7a3fa0b76723d88a.jpg,0,0,0,1,0,0
Physical_Damge_9_jpg.rf.058d461a1fe6fd894c431fba884d0210.jpg,0,0,0,0,1,0
Imgdirty_833_1_jpg.rf.c96e010a6b289a53a84afae047d66ac5.jpg,1,0,0,0,0,0
Physical_Damge_8_jpg.rf.61a4ff3f335d8311454abb37dcb96453.jpg,0,0,0,0,1,0
IMG_20230323_173324_jpg.rf.172f499674fd91a91841e4e2318c7a0d.jpg,0,0,1,0,0,0
Imgdirty_744_1_jpg.rf.9871e1d45130e719c7a9ad17e0407fa9.jpg,0,0,1,0,0,0
Snow_14_jpg.rf.bdfb965bc89fd102b9a19fe82cbcae7c.jpg,0,0,0,0,0,1
IMG_20230323_173357_jpg.rf.6c8bea88a966db5f48d82e5ce544ae67.jpg,0,0,1,0,0,0
Bird_drop_98_jpg.rf.0959f76d4956b0f56a33d49adc08683c.jpg,1,0,0,0,0,0
Imgdirty_220_1_jpg.rf.be7fcaa2367e2275c689a7b894470ac9.jpg,1,0,0,0,0,0
IMG_20230323_170356_jpg.rf.ad6b9723d2a27a48617d4df58f6c5d09.jpg,0,0,1,0,0,0
Electrical_Damge_107_jpg.rf.50c0b7c4ff1335a0ef9995bb480fdce8.jpg,0,0,0,1,0,0
Imgclean_13_0_jpg.rf.3536a079d774d1b21a421b8b2aad8cf4.jpg,0,1,0,0,0,0
Snow_34_jpg.rf.68a332fd1d59ed67efac726fe97caf6b.jpg,0,0,0,0,0,1
Dusty_46_jpg.rf.417e99cb798967c84d1a65ab5cf7d862.jpg,0,0,1,0,0,0
Snow_74_jpg.rf.4f67defc1867a77686494b282dc66509.jpg,0,0,0,0,0,1
Imgdirty_836_1_jpg.rf.8a1334ae3074ce7c7a2c165ded69daf5.jpg,0,0,1,0,0,0
Electrical-40-_jpg.rf.ec1483907bc8ec27700ecfb604b5a136.jpg,0,0,0,1,0,0
Imgclean_1133_0_jpg.rf.a051cc6ab91714af2e5f287254b81c9b.jpg,0,1,0,0,0,0
Screenshot-2023-04-02-002212_png.rf.d0e030d1d352e26cb113a002411b8d04.jpg,1,0,0,0,0,0
Bird_drop_103_jpg.rf.ab5ef70c8fa974be2072c36ae4c44f4e.jpg,1,0,0,0,0,0
Electrical-55-_jpg.rf.5ea2bcb7ed4273115bf6555671276a1c.jpg,0,0,0,1,0,0
IMG_20241003_090856_713_jpg.rf.7965862c7cdd33d005df34244a299d51.jpg,0,1,0,0,0,0
Electrical_Damge_71_jpg.rf.b4c094808574c404cb2844ae0802f121.jpg,0,0,0,1,0,0
IMG_8583_jpg.rf.fe0f05e0d03e913cd56b608cdfd2f4ca.jpg,0,0,1,0,0,0
Imgdirty_820_1_jpg.rf.b35acba875ff5cc18e57eb811ebe5f6b.jpg,1,0,0,0,0,0
Electrical_Damge_122_jpg.rf.246f4bc8d331ab8fc8087009b686301e.jpg,0,0,0,1,0,0
Electrical_Damge_118_jpg.rf.0d094ab1aa048e206e1553685a6d99a2.jpg,0,0,0,1,0,0
IMG_20230324_164205_jpg.rf.552d71fa60845cc0002a897d3f6b9015.jpg,0,0,1,0,0,0
Bird_drop_101_jpg.rf.de527d210721adea800248995289f3c1.jpg,1,0,0,0,0,0
Snow_34_jpg.rf.9832d9b503ed9a1f7748ec06e1cfedd4.jpg,0,0,0,0,0,1
Electrical_Damge_130_jpg.rf.5a86003eb8a228e7030870c31cac0509.jpg,0,0,0,1,0,0
Imgdirty_208_1_jpg.rf.6453778efdeb03f8c904f41dcc49dabb.jpg,0,0,1,0,0,0
IMG_20230324_162101_jpg.rf.7ac47614157a2ff09891527ddc2c931f.jpg,0,0,1,0,0,0
Imgdirty_434_1_jpg.rf.8b13bcd44c597e298ad62f8bf5a1c599.jpg,1,0,0,0,0,0
IMG_20241003_090923_771_jpg.rf.54b5063484c08f67fc5e221658c85314.jpg,0,1,0,0,0,0
Electrical_Damge_22_jpg.rf.4d3b3f59b36419af2b92728627735d83.jpg,0,0,0,1,0,0
Electrical_Damge_16_jpg.rf.2b8559b6be44bde2a0dd2ff4d44b4ac2.jpg,0,0,1,1,0,0
Electrical_Damge_123_jpg.rf.9ce15163e97fa9fac7675df141612154.jpg,0,0,0,1,1,0
Imgdirty_435_1_jpg.rf.cb024f217feaa9af6a5c91f97a921232.jpg,1,0,0,0,0,0
Electrical_Damge_12_jpg.rf.cd3e762227f7d879384cc504668fddc4.jpg,0,0,0,1,0,0
Electrical_Damge_16_jpg.rf.ed123da8e37419ca6f827b7aa3b58ee0.jpg,0,0,1,1,0,0
Dusty_44_jpg.rf.dd9092fa09061c4b146514fc34049931.jpg,0,0,1,0,0,0
Electrical_Damge_104_jpg.rf.46abbb289537e6f9d0f3a88d1cd776ed.jpg,0,0,0,1,0,0
Electrical_Damge_101_jpg.rf.74c95f6840d02323498719da79aee373.jpg,0,0,0,1,0,0
Imgdirty_416_1_jpg.rf.06c1e39cd85b64e76371753f1e5a7806.jpg,1,0,0,0,0,0
Electrical_Damge_106_jpg.rf.4003c9d63a54308595dbd84902e38a43.jpg,0,0,0,1,0,0
Dusty_50_jpg.rf.b70a49a77890f6bf8b3500e251cb3613.jpg,0,0,1,0,0,0
Dusty_35_jpg.rf.7a143aca85ccba32ead1b0dd36780df0.jpg,0,0,1,0,0,0
Electrical-76-_jpg.rf.6bb0c01abd24cec6a0fb8baf7d7b717a.jpg,0,0,0,1,0,0
Snow_39_jpg.rf.f5d8f45509429ffa9df5eb4ea1af3df0.jpg,0,0,0,0,0,1
Imgdirty_383_1_jpg.rf.9292360a1cc6d629c02aff62c0ed7fb2.jpg,0,0,1,0,0,0
Electrical_Damge_106_jpg.rf.b90f09f5333d85315136f7abc3b697d5.jpg,0,0,0,1,0,0
Imgdirty_386_1_jpg.rf.14ec16060cd6e8648c34ae09e7cb0728.jpg,0,0,1,0,0,0
Electrical_Damge_15_jpg.rf.c7a8b3396786831249ee4efa059358d5.jpg,0,0,0,1,0,0
Electrical_Damge_101_jpg.rf.af0008896e640c53a635b865477d7f30.jpg,0,0,0,1,0,0
Electrical-17-_jpg.rf.0cadb31aa74b98a5b12f9eb79d2057d0.jpg,0,0,0,1,0,0
Electrical_Damge_104_jpg.rf.8c8baa943aa24a67fd3516de5ad60635.jpg,0,0,0,1,0,0
Imgclean_1123_0_jpg.rf.4160e26e8f92d0663ad351816871d10f.jpg,0,1,0,0,0,0
Snow_37_jpg.rf.237d41437bdacb454352ef8356baec3e.jpg,0,0,0,0,0,1
Physical_Damge_560_jpg.rf.4e05adcfa07cb18b9f383243368d8974.jpg,0,0,0,0,1,0
Imgdirty_767_1_jpg.rf.4cdcd029a987cb6aff2a5676ecc0150a.jpg,0,0,1,0,0,0
Dust-25-_jpg.rf.4820579e8730d5382ea369db6a9e5cdb.jpg,0,0,1,0,0,0
IMG_8574_jpg.rf.890890cca0b8493749e97e021fd86a4b.jpg,0,0,1,0,0,0
Snow_39_jpg.rf.33cd0b30456cc475638dccd8aa3a7ed8.jpg,0,0,0,0,0,1
Imgdirty_418_1_jpg.rf.9d65ac57b4c11504c161d2aaec93d8b0.jpg,1,0,0,0,0,0
Dusty_4_jpg.rf.c36eae9431fa687dc83eaa9a4eeff801.jpg,0,0,1,0,0,0
Physical_Damge_555_jpg.rf.91eae550b82c01c2ff11ee1bb109a408.jpg,0,0,0,0,0,0
Snow_39_jpg.rf.7f7e1bb10de300bf75975b7b3aa7a12f.jpg,0,0,0,0,0,1
IMG_20230324_112619_jpg.rf.9fe076fb3dd227e0d26de1fd97e3b808.jpg,0,0,1,0,0,0
Imgdirty_196_1_jpg.rf.d48d7685e098c722c74dc88a1ac9062b.jpg,1,0,0,0,0,0
Physical_Damge_69_jpg.rf.9826d0a68e9c48bc7e374e4bb92102a8.jpg,0,0,0,0,1,0
Snow_39_jpg.rf.b9abb18440aba65dd8c34e824b9aab46.jpg,0,0,0,0,0,1
Physical_Damge_80_jpg.rf.9915bd3b1e173125032c2f9c20d8b4e8.jpg,0,0,0,0,1,0
Electrical_Damge_23_jpg.rf.9802119f90ba5a1519af780786822875.jpg,0,0,0,1,0,0
Imgclean_1127_0_jpg.rf.9c10313d29b10134b2a94060b2339ac3.jpg,0,1,0,0,0,0
Screenshot-2023-04-02-050057_png.rf.e8f1e5a5d68c69bafab02679835ddd19.jpg,1,0,0,0,0,0
IMG_20241003_090652_199_jpg.rf.fe5bd3491b29a7b612251a07686e9bfb.jpg,0,1,0,0,0,0
Imgclean_1131_0_jpg.rf.700bed46b71d43d50eb49a809dcd50c7.jpg,0,1,1,0,0,0
Snow_21_jpg.rf.b48fe0fe4d3de711407e1ab4045c4fe5.jpg,0,0,0,0,0,1
IMG_20241003_090714_577_jpg.rf.c4c5969bf89310baed7cac3a1b38e0bd.jpg,0,1,0,0,0,0
IMG_20241003_090723_898_jpg.rf.95cd329b25af938fb15d1900ad5f8802.jpg,0,1,0,0,0,0
Snow_20_jpg.rf.50404de9d3e7097c6d447f84db28df1d.jpg,0,0,0,0,0,1
Imgclean_1125_0_jpg.rf.d868e646c091d4d9e8354fe92d64cc64.jpg,0,1,0,0,0,0
Imgdirty_199_1_jpg.rf.bb5b6008837f1e16a71b1f50f0d4fef0.jpg,0,0,1,0,0,0
IMG_20241003_090656_424_jpg.rf.f47f078c45e3b80645a0f1ca829d6267.jpg,0,1,0,0,0,0
IMG_20241003_090728_530_jpg.rf.e5a9b632291a17c1f33f8e6746b1d566.jpg,0,1,0,0,0,0
Imgdirty_734_1_jpg.rf.044eb38585913b23c08e8be6fba3ec53.jpg,1,0,0,0,0,0
Physical_Damge_6_jpg.rf.c7c2e4488603764efdb30964c07f7474.jpg,0,0,0,0,1,0
IMG_20230313091839_4799679504337236589-jpg_32_jpg.rf.4cf837ea3253ef4a5391d3f6b2e82529.jpg,0,0,1,0,0,0
solar_Fri_Jun_16_14__3__57_2017_L_0-69553580987_I_0-439576470588_jpg.rf.512eb587333967617c2a4c5af0da6df3.jpg,0,0,1,0,0,0
Physical_Damge_72_jpg.rf.5ec0ebe42e673966f8f28fd8587075c4.jpg,0,0,0,0,1,0
IMG_20230313091841_9076289259331532525-jpg_34_jpg.rf.326a29574151a19c9c482e9b9ddadb88.jpg,0,0,1,0,0,0
IMG_20241003_090709_792_jpg.rf.ca9ce2364f38e827578c4787e5a9b894.jpg,0,1,0,0,0,0
Physical_Damge_561_jpg.rf.9eb5999ee6fd7b098578f349c7af58d3.jpg,0,0,0,0,1,0
Imgdirty_456_1_jpg.rf.98787f0eaddee5cd86bec1db99c8ee66.jpg,1,0,0,0,0,0
Physical_Damge_74_jpg.rf.e8ca3ef3517317221936bb5a36d24eff.jpg,0,0,0,0,1,0
Electrical_Damge_83_jpg.rf.74d2c13796e4183c1ed285c1bb9fc035.jpg,0,0,0,1,0,0
IMG_20241003_090849_937_jpg.rf.56c90b87ecf51cb5ee27cba83fe12dea.jpg,0,1,0,0,0,0
Imgclean_1126_0_jpg.rf.2d4125b7e2daaa75560341977b4aba90.jpg,0,1,0,0,0,0
Electrical_Damge_4_jpg.rf.4b3f399e1d6a6a4f555c0337ba5a9cd1.jpg,0,0,0,1,0,0
IMG_20230313091835_7608916599199952159-jpg_28_jpg.rf.7bfbcf756b1db28befacc2115153fc67.jpg,0,0,1,0,0,0
IMG_20230324_171748_jpg.rf.18b8781f40f1f32f399fa674669e1e8d.jpg,0,0,1,0,0,0
Electrical_Damge_65_jpg.rf.030e5b0280b2f6c85999b1a261848261.jpg,0,0,0,1,0,0
Snow_5_jpg.rf.7ad90487fec487ee9ae2ea45f182bc4f.jpg,0,0,0,0,0,1
Snow_24_jpg.rf.f8f860f3ea7eb725adff6b4ddbe0d7c2.jpg,0,0,0,0,0,1
IMG_20230313180916_5144124810014367999-jpg_18-Copie_jpg.rf.fed56c7f37f47dd3505227ce37393d69.jpg,0,0,1,0,0,0
Electrical_Damge_76_jpg.rf.b0661b77fe5f2419aad9960eb282b8b1.jpg,0,0,0,1,0,0
Electrical_Damge_73_jpg.rf.2760e592282c7f4f0ec45a2e892a325a.jpg,0,0,1,1,0,0
Electrical_Damge_70_jpg.rf.4e57b5d55591589438f586a20a1bd767.jpg,0,0,0,0,1,0
Electrical_Damge_75_jpg.rf.0661145119a855437533fc41cf87913c.jpg,0,0,0,1,0,0
Imgdirty_877_1_jpg.rf.a6bf510271ab2df38058cc5b8ebaf47e.jpg,0,0,1,0,0,0
Electrical_Damge_58_jpg.rf.a1df427578fba5ccb8fb0f3c0690def6.jpg,0,0,0,1,0,0
Physical_Damge_73_jpg.rf.e13c35a9348da83c0615f58af240870f.jpg,0,0,0,0,1,0
Electrical_Damge_76_jpg.rf.c9630396f3e979647764af4161ff8ccd.jpg,0,0,0,1,0,0
Electrical_Damge_75_jpg.rf.d055a0d57ae99a10ed524f5894e3f091.jpg,0,0,0,1,0,0
Electrical_Damge_55_jpg.rf.e3fe6e49cd454b99863ded95cceca610.jpg,0,0,0,1,0,0
Electrical_Damge_67_jpg.rf.86424a6180b05db1251138443a3d087e.jpg,0,0,0,1,0,0
IMG_20241003_091247_283_jpg.rf.07ffec73bb60cb347ffaf554aed167b7.jpg,0,1,0,0,0,0
Physical_Damge_513_jpg.rf.8b204052e3e24a4e2274e42b006d1c45.jpg,0,0,0,0,1,0
Snow_24_jpg.rf.2374b992ed5d44f5f3f961ef0cab1ff0.jpg,0,0,0,0,0,1
Snow_46_jpg.rf.23092a923764cde9f23edcbcde8e7882.jpg,0,0,0,0,0,1
Snow_26_jpg.rf.0a404b897e394758885714627faaee98.jpg,0,0,0,0,0,1
Electrical_Damge_52_jpg.rf.ebb375fdc3e06eecb2711ceb043904a2.jpg,0,0,0,1,0,0
Imgdirty_880_1_jpg.rf.d2d9152647e5861887bf78851b38cfda.jpg,0,0,1,0,0,0
Physical_Damge_50_jpg.rf.a7edde238d7601e4f551fe5a8be63c0c.jpg,0,0,0,0,1,0
Electrical_Damge_62_jpg.rf.a83b1c17d6c9b9b9cf9d72fdaf9e44a1.jpg,0,0,0,1,0,0
Dusty_139_jpg.rf.9f2aaf942b582e4cb9574aefe782ae9a.jpg,0,0,1,0,0,0
Physical_Damge_11_jpg.rf.a6ec19e6ecf6c739f6c4624739db6cf8.jpg,0,0,0,0,1,0
Physical_Damge_124_jpg.rf.697600f4c73d9f349da396880cb522a3.jpg,0,0,0,0,1,0
Electrical_Damge_85_jpg.rf.4ceb008a72bb919978dad43485632374.jpg,0,0,0,1,1,0
Imgdirty_463_1_jpg.rf.7afaafd212fd1c4884cae986c9b407fc.jpg,1,0,0,0,0,0
Physical_Damge_119_jpg.rf.da1cecb1eb178408a398dd727d0cea5b.jpg,0,0,0,0,1,0
Electrical_Damge_85_jpg.rf.3bdba88761fe0d943baa870fdf5cd68b.jpg,0,0,0,1,1,0
Physical_Damge_118_jpg.rf.c889c93b1c71981eb66504985e961e96.jpg,0,0,0,0,1,0
Electrical_Damge_63_jpg.rf.dcd3b74eb103e51bab3365b83bc6b7ae.jpg,0,0,0,1,0,0
Physical_Damge_129_jpg.rf.e757e87f75c4e5712338131e854fff33.jpg,0,0,0,0,1,0
Physical_Damge_117_jpg.rf.4068f48bf74f5306c47c5908c3166ae1.jpg,0,0,0,0,1,0
solar_Fri_Jun_30_15__32__38_2017_L_0-533905228758_I_0-4128_jpg.rf.de87c6092365a8f86ae2289bfe68f210.jpg,0,0,1,0,0,0
Electrical_Damge_88_jpg.rf.9cad1c732ae6b9d7e8d12083feebfbd5.jpg,0,0,0,1,0,0
Physical_Damge_125_jpg.rf.1c2c9e802be3e3484e6d1e04c1cf3017.jpg,0,0,0,0,1,0
Physical_Damge_130_jpg.rf.28bc988c456499b5b8bb8b4e19f3224f.jpg,0,0,0,0,1,0
Physical_Damge_102_jpg.rf.c0b4a92ea3f7f4a7558243054c378666.jpg,0,0,0,0,1,0
Electrical_Damge_82_jpg.rf.fa31b124b655ecbf2bf7c768cdd610dc.jpg,0,0,0,1,0,0
Imgdirty_497_1_jpg.rf.9940b292ca8f46e6759d726244a9fb50.jpg,0,0,1,0,0,0
Electrical_Damge_8_jpg.rf.a3a1f2e95035f9ad1e1025abc934e64e.jpg,0,0,0,1,0,0
Dust-158-_jpg.rf.5bca4b3e239b1df955fdf77f39ef3bea.jpg,0,0,1,0,0,0
Physical_Damge_158_jpg.rf.6507163d21eae4cd45df5e1db2d854c9.jpg,0,0,0,0,1,0
Imgdirty_469_1_jpg.rf.36905b15caf1fdbebaf879d80e737a5d.jpg,1,0,0,0,0,0
Physical_Damge_171_jpg.rf.e43c6c927930fd230a5ebea0fb381df5.jpg,0,0,0,0,1,0
indir-4-_jpg.rf.4b8f1a3eb90ec5803fcc5fafa16581dc.jpg,1,0,0,0,0,0
Electrical_Damge_8_jpg.rf.a53a870008a89a84e7073e70887cef95.jpg,0,0,0,1,0,0
Physical_Damge_164_jpg.rf.3a72020e1715ef4c7fb7dd21a1e2116e.jpg,0,0,0,0,1,0
Electrical_Damge_90_jpg.rf.fd0808752faede147b3a96bbbc284a96.jpg,0,0,0,1,0,0
Electrical_Damge_76_jpg.rf.8347838771cb24b898776195fc0beb2e.jpg,0,0,0,1,0,0
Physical_Damge_164_jpg.rf.8d98484f1cad5e20aea061e51521654b.jpg,0,0,0,0,1,0
Electrical_Damge_90_jpg.rf.a881813166aa9c12a128386b2e08f0d3.jpg,0,0,0,1,0,0
Imgdirty_535_1_jpg.rf.bb2149a57fd2ff813801bae758a864e5.jpg,1,0,0,0,0,0
Electrical_Damge_86_jpg.rf.7ba50887dd83c3bfc5950b08056d06da.jpg,0,0,0,1,0,0
Physical_Damge_185_jpg.rf.5a279a68f403d6f2910d450b7cf9c656.jpg,0,0,0,0,1,0
IMG_20230324_173203_jpg.rf.2979e5856ba346925dd7ff7b4609fae0.jpg,0,0,1,0,0,0
Physical_Damge_168_jpg.rf.79293dfb7f48a30e0c5e4eaac8090682.jpg,0,0,0,0,1,0
Imgdirty_477_1_jpg.rf.daba65cfeceea312617788bc6ee6b45c.jpg,0,0,1,0,0,0
Electrical_Damge_98_jpg.rf.0b932b96498fdce0a154f457899d8a82.jpg,1,0,0,0,0,0
Physical_Damge_170_jpg.rf.1a8beff2e789c8c57c78c8bda12cb946.jpg,0,0,0,0,1,0
Physical_Damge_165_jpg.rf.9e19b23df4f40ae26cdba9fc4fdedeb5.jpg,0,0,1,0,0,0
Imgdirty_498_1_jpg.rf.5b8f32c9e7d83787fb657f40c1ee7e2e.jpg,0,0,1,0,0,0
Electrical_Damge_90_jpg.rf.885c0c43ed697b0c2871cf05ce8868aa.jpg,0,0,0,1,0,0
Physical_Damge_202_jpg.rf.db069e7db78555511a6cef116fea44c0.jpg,0,0,0,0,1,0
Imgdirty_499_1_jpg.rf.c04c71659c6aafba00f0b460253b9392.jpg,0,0,1,0,0,0
Physical_Damge_141_jpg.rf.e9fb74c4e8918aea24b5360192fdbfc9.jpg,0,0,0,0,1,0
Physical_Damge_133_jpg.rf.437a85e775ce581dc41fcf7855f5e5fe.jpg,0,0,0,0,1,0
Electrical_Damge_90_jpg.rf.71a08cfad6c726e7aa8541e30df9d5e0.jpg,0,0,0,1,0,0
Electrical-95-_jpg.rf.821eca45d0bd0bc4557a6a3e3c43fcd3.jpg,0,0,0,1,0,0
Physical_Damge_188_jpg.rf.a16d69183dcb3cc10a5afe03f02c9513.jpg,0,0,0,0,1,0
Physical_Damge_174_jpg.rf.7ca7139901505ad8e8d73f71f54b645b.jpg,0,0,0,0,1,0
Physical_Damge_215_jpg.rf.c7acc8a3cdf946b353d58b8bda0b1703.jpg,0,0,0,0,1,0
Dust-16-_jpg.rf.a35b750c42fad2cde0d7eaf5f16fa0f4.jpg,0,0,1,0,0,0
Electrical_Damge_92_jpg.rf.82bc6afd3e4987e7f26dcf16529722bd.jpg,0,0,0,1,0,0
Physical_Damge_135_jpg.rf.34ec4edfed3349c7eedacd3f0c0d9819.jpg,0,0,0,0,1,0
Physical_Damge_202_jpg.rf.e24d199f8e36bc4845551cc3e87327c5.jpg,0,0,0,0,1,0
Electrical_Damge_94_jpg.rf.4d6df25980e079b7d8b3a2346088846b.jpg,0,0,0,1,0,0
Electrical_Damge_92_jpg.rf.96446dad1e9a8a4197ca7e55dbf97dbc.jpg,0,0,0,1,0,0
Physical_Damge_103_jpg.rf.58eb9824950d9d4b98dde85f3ce71129.jpg,0,0,0,0,0,1
Imgdirty_522_1_jpg.rf.3cfeb8f8f4ecc5a8d8f7904be6f92576.jpg,0,0,1,0,0,0
Physical_Damge_190_jpg.rf.fe56a3f01e7a602943ea558007571a58.jpg,0,0,0,0,1,0
Physical_Damge_140_jpg.rf.8024dc1e0c073b34489820bad8a769ce.jpg,0,0,0,0,1,0
Physical_Damge_169_jpg.rf.8b8eed54b1cc592f9e7491a9cad37d08.jpg,0,0,0,0,1,0
Electrical_Damge_67_jpg.rf.bb0590376859102d7ce143043dffe443.jpg,0,0,0,1,0,0
Physical_Damge_169_jpg.rf.704a5376cffc9c46d2ada94b3af3223d.jpg,0,0,0,0,1,0
Electrical_Damge_85_jpg.rf.6d9bb800808a6a2acd32740257a419e7.jpg,0,0,0,1,1,0
Electrical_Damge_86_jpg.rf.d0782f8bab9000dc533fa5d2699740d6.jpg,0,0,0,1,0,0
Electrical_Damge_83_jpg.rf.7c55e8a0f43e2a1bcd6b302581d13cf1.jpg,0,0,0,1,0,0
Physical_Damge_213_jpg.rf.df669f280ab7ebe6a2f9e3d58fe62afc.jpg,0,0,0,0,1,0
Electrical_Damge_92_jpg.rf.72409aec7ce6b858d10d07dce6c7bd83.jpg,0,0,0,1,0,0
Physical_Damge_103_jpg.rf.05e330466eb86c9537555dba8934b13f.jpg,0,0,0,0,0,1
IMG_20230324_174944_jpg.rf.080cbc7bd9c1dddc0b9a1d7b7cf38931.jpg,0,0,1,0,0,0
Physical_Damge_157_jpg.rf.68200ac1c40ccff9792315ace8bec053.jpg,0,0,0,0,1,0
Electrical_Damge_92_jpg.rf.67f429ba4d1f86d11f606e99722aa99f.jpg,0,0,0,1,0,0
Physical_Damge_204_jpg.rf.d002ebce6354cde904c6da1382365eaf.jpg,0,0,0,0,1,0
Electrical-35-_jpg.rf.09a8b964b514972d7d7191847e5827c6.jpg,0,0,0,1,0,0
Electrical-32-_jpg.rf.761e72486eddec33482b742be023e6b2.jpg,0,0,0,1,0,0
Physical_Damge_142_jpg.rf.8808f01c5f7faf6d1c132759500d1c3f.jpg,0,0,0,0,1,0
Electrical-28-_jpg.rf.4d45e1236439cb7e3d8b57577f378367.jpg,0,0,0,1,0,0
indir-3-_jpg.rf.6ab19654b6a0689819572c2bda24adbb.jpg,1,0,0,0,0,0
indir-5-_jpg.rf.ed0c53c88714f37e19963913c446d64d.jpg,1,0,0,0,0,0
Physical_Damge_218_jpg.rf.45dd4e2d510e46f31353db633f209491.jpg,0,0,0,0,1,0
Electrical_Damge_93_jpg.rf.b312e64fe96a8840e704659fa3c38516.jpg,0,0,0,0,1,0
Imgdirty_523_1_jpg.rf.3e3cc737887605143930dee6997ef111.jpg,0,0,1,0,0,0
Electrical-12-_jpg.rf.e1e07aa197a4092b4021591ad8c63939.jpg,0,0,0,1,0,0
Bird_drop_29_jpg.rf.a8642af40b927654c8f66e6b70255c1b.jpg,1,0,0,0,0,0
Dust-18-_jpg.rf.ad6001d4baeda0ca28dca0b49a02267b.jpg,0,0,1,0,0,0
Physical_Damge_221_jpg.rf.f15657be6c4bde50aef9ecb7458175d2.jpg,0,0,0,0,1,0
Physical_Damge_182_jpg.rf.2c6991ef8372430f6dd208547194c2f7.jpg,0,0,0,1,0,0
Electrical-78-_jpg.rf.9bcb7617ee3ba9c3e1f693174d01246c.jpg,0,0,0,1,0,0
Physical_Damge_220_jpg.rf.c1af411987f6739df0c9c8b60add7dc9.jpg,0,0,0,0,1,0
Bird_drop_29_jpg.rf.5f7ce65733bf3009b2881645743203b7.jpg,1,0,0,0,0,0
Physical_Damge_221_jpg.rf.e7f43b393d951c3e5d4c8d5edf3d7ffa.jpg,0,0,0,0,1,0
Physical_Damge_181_jpg.rf.824ce8b6e97d3aaf46af4ba972e61d3a.jpg,0,0,0,0,1,0
Physical_Damge_23_jpg.rf.1fc4bd8dc95fbc3a2cb8b0ac13bfdb6e.jpg,1,0,0,0,0,0
Electrical-58-_jpg.rf.ad4c4ea4f68c4349e80f19e65ac17f38.jpg,0,0,0,1,0,0
Imgdirty_545_1_jpg.rf.b41ba6394e1e80de380eddda26ea56db.jpg,0,0,1,0,0,0
Dust-156-_jpg.rf.17d90d97f10ec34890f23e0afe0ac97a.jpg,0,0,1,0,0,0
Physical_Damge_179_jpg.rf.485b62b9bb378579fcd2777d3ecc69f4.jpg,0,0,0,0,1,0
Physical_Damge_177_jpg.rf.d7ab34abb61547cf807ff7f07398fef6.jpg,0,0,0,1,0,0
Physical_Damge_233_jpg.rf.3d78e3b81978bedcb3225d2dbe245065.jpg,0,0,1,0,1,0
solar_Wed_Jun_21_7__46__2_2017_L_0-338573451155_I_0-160650980392_jpg.rf.807759968fe3ce57febf18c04e89fb35.jpg,0,0,1,0,0,0
Electrical_Damge_90_jpg.rf.785c27051af73286b30aed5879e85077.jpg,0,0,0,1,0,0
Physical_Damge_113_jpg.rf.db2711650e1c78a7c12f644b74c9f73e.jpg,0,0,0,0,1,0
Physical_Damge_157_jpg.rf.3645cb1e620eac085d1163b9ba501b5d.jpg,0,0,0,0,1,0
Imgdirty_560_1_jpg.rf.e6a67108c7c1d3292728e59fbc0620d8.jpg,1,0,0,0,0,0
Bird_drop_27_jpg.rf.56480d79b0d859c1bb082614ec7ddf1e.jpg,1,0,0,0,0,0
Bird_drop_27_jpg.rf.e950aa4bdd9f970749379ff67e332e60.jpg,1,0,0,0,0,0
Physical_Damge_180_jpg.rf.9905e5e906e0d41ea38b0d26af90c1fb.jpg,0,0,0,0,1,0
Physical_Damge_19_jpg.rf.c175099d5a04ba1c76262f16da569c1c.jpg,0,0,1,0,1,0
Physical_Damge_182_jpg.rf.51545c7e799de0f454727344d8beb322.jpg,0,0,0,1,0,0
Bird_drop_68_jpg.rf.185576d59ba279c259b92fce23b5c32e.jpg,1,0,0,0,0,0
Imgdirty_527_1_jpg.rf.19b73e49c3c397ada37979cf9a977c8d.jpg,0,0,1,0,0,0
Bird_drop_55_jpg.rf.5b5eb2fa833572ff49fa476fec1f244f.jpg,1,0,1,0,0,0
Physical_Damge_233_jpg.rf.09bfc770a72c8f303f69a3bf7427750f.jpg,0,0,1,0,1,0
Electrical_Damge_92_jpg.rf.8a4d71eae451198ca4230b12911ff3f3.jpg,0,0,0,1,0,0
Imgdirty_532_1_jpg.rf.03011781fb9234afc1810c99a2bef7fe.jpg,0,0,1,0,0,0
Physical_Damge_229_jpg.rf.7ee419c7e34a550cd262562aa7029582.jpg,0,0,0,0,1,0
Imgclean_1005_0_jpg.rf.6fd70aa6b5d309193797ac5ece9e95d9.jpg,0,1,0,0,0,0
Imgdirty_1001_1_jpg.rf.f224d8c769dfcfb6000cbfbe718e5344.jpg,0,0,1,0,0,0
Physical_Damge_111_jpg.rf.b3abec62c76be74b5bd7a57d3d472d1b.jpg,0,0,0,0,1,0
Physical_Damge_183_jpg.rf.38ea1849abc390ea4f93f9def5df42b3.jpg,0,0,0,0,1,0
Physical_Damge_224_jpg.rf.5e050dfec5dae066aaaecbc41ef598c5.jpg,0,0,0,0,1,0
Bird_drop_29_jpg.rf.cd8e35ac2224d59e6785d902af8b95b2.jpg,1,0,0,0,0,0
Physical_Damge_145_jpg.rf.7a0aeaec608cdd69b9763bc1dd8858d1.jpg,0,0,0,0,1,0
Bird_drop_94_jpg.rf.e3bd9d78a2fc25449565a93238e32305.jpg,1,0,0,0,0,0
Imgclean_1000_0_jpg.rf.2cdd315eab1617c17a475f4e9448624c.jpg,0,1,0,0,0,0
Electrical_Damge_80_jpg.rf.1667948ac5d71e6667a0758ff55d2d86.jpg,0,0,0,1,0,0
Physical_Damge_108_jpg.rf.5ae6af0cb955d8d88ad4d73fc2df3c42.jpg,0,0,0,0,1,0
solar_Fri_Jun_16_10__5__19_2017_L_0-889497086783_I_0-255764705882_jpg.rf.0a1bb0edb9f5f316cd1f034ea1708e1c.jpg,0,0,1,0,0,0
Electrical_Damge_92_jpg.rf.1cb815a18d832072be7e7500666b1748.jpg,0,0,0,1,0,0
Imgclean_1015_0_jpg.rf.5b4a936ee17d18638d25ae414b7c83a5.jpg,0,1,0,0,0,0
Physical_Damge_184_jpg.rf.3dfac8e4a489ee3eb916ebf9d8230551.jpg,0,0,0,0,1,0
Electrical_Damge_75_jpg.rf.9f54c390558f2d66dc7e429e54239e31.jpg,0,0,0,1,0,0
Electrical-96-_jpg.rf.81d7f920308086a71db81576c6b8e0a6.jpg,0,0,0,1,0,0
Physical_Damge_198_jpg.rf.0dbd4490a367770e6b6b299a0aec86ac.jpg,0,0,0,0,1,0
IMG_20230313091857_7421500179951508380-jpg_53_jpg.rf.bdb68ef9f82ef3b13f7bd458746f8d1d.jpg,0,0,1,0,0,0
Imgdirty_525_1_jpg.rf.ccae89e18f6d88352e182f29f40b07fd.jpg,0,0,1,0,0,0
Physical_Damge_227_jpg.rf.9ed92c5b249c5ddcc72844825a12da3d.jpg,0,0,0,0,1,0
Imgclean_1004_0_jpg.rf.24439b389b3fb50f59a3ea9317355c63.jpg,0,1,0,0,0,0
Imgdirty_537_1_jpg.rf.090513e54edbc7b8d15a1c6793631118.jpg,0,0,1,0,0,0
1677073267933_jpg.rf.3a8ffaed27f3344018a82ba069d286e7.jpg,1,0,0,0,0,0
Bird_drop_8_jpg.rf.56a01580a89eb47073c0a98a03c9bcd6.jpg,1,0,0,0,0,0
Electrical-1-_jpg.rf.51b60c9773e1506525827bdf44bf86f4.jpg,0,0,0,1,0,0
Bird_drop_8_jpg.rf.808fcf18225c9af407947d06f8d83cac.jpg,1,0,0,0,0,0
Physical_Damge_241_jpg.rf.a666035f8884a24b7979c1f5893523c5.jpg,0,0,0,0,1,0
solar_Fri_Jun_16_11__5__33_2017_L_0-882442247431_I_0-322878431373_jpg.rf.1753e4c241906886e0797cd47b1a5904.jpg,0,0,1,0,0,0
Physical_Damge_105_jpg.rf.ea499f554334358ac23152c9f3c8b0c3.jpg,0,0,0,0,1,0
Bird_drop_51_jpg.rf.c22d5792b120242c9e7d82f0a1e87f80.jpg,1,0,0,0,0,0
Physical_Damge_250_jpg.rf.7a39c38b09b56359cfa97621bb63ed01.jpg,0,0,0,0,1,0
Electrical-33-_jpg.rf.875e6dced9f1b791ddc0439a8ddc446d.jpg,0,0,0,1,0,0
Electrical_Damge_82_jpg.rf.aa6bcd1a0a6c719adab1aec142f82e04.jpg,0,0,0,1,0,0
Imgdirty_568_1_jpg.rf.53f95dbfaae9204eceeb3e67b70572d3.jpg,0,0,1,0,0,0
Physical_Damge_147_jpg.rf.cd70c8c77f1bda0a29b6a9835890a313.jpg,0,0,0,0,1,0
Physical_Damge_231_jpg.rf.b9f916f59cd75cc521a42d677fe9f681.jpg,0,0,0,0,1,0
awOUJN8LjfZ8rQdqL7F5DLmCefzcPCuM24rQsdv0uN8-_plaintext_638173789915824201_jpg.rf.ba0a5174730e7064f691137c0d9c2100.jpg,1,0,1,0,0,0
Imgclean_1016_0_jpg.rf.4c0a0fb3c9c3892ad5632a2387ae606f.jpg,0,1,0,0,0,0
Imgclean_491_0_jpg.rf.d3329a941ddbec127db7d623ef472d42.jpg,0,1,0,0,0,0
Physical_Damge_252_jpg.rf.80745c2e4311ac22948265bb32216f8d.jpg,0,0,0,0,1,0
Dust-149-_jpg.rf.04f4efd733bb88835ae52cb5775762ee.jpg,0,0,1,0,0,0
Bird_drop_22_jpg.rf.88710cf496e423a9bdf050eaf169abc5.jpg,1,0,0,0,0,0
Imgdirty_1006_1_jpg.rf.e00c8d9396a294dd84c7df21be1570b2.jpg,0,0,1,0,0,0
Physical_Damge_254_jpg.rf.d565872f88b67dcd42064dde2bff2abc.jpg,0,0,0,0,1,0
Electrical-24-_jpg.rf.fbe2f465da6f6ba5a3346f80cf5e7853.jpg,0,0,0,1,0,0
Physical_Damge_237_jpg.rf.04b7d3bd72101ecf8cf2c98a07f693cf.jpg,0,0,1,0,1,0
Imgdirty_1020_1_jpg.rf.b3245265f1abf288305bbbc09fb0fdfe.jpg,0,0,1,0,0,0
Imgclean_1018_0_jpg.rf.bed611ef591534aa95bab64beaf2edf5.jpg,0,1,0,0,0,0
Imgclean_1006_0_jpg.rf.6f1a8a60b2394116685b3409ddc63813.jpg,0,1,0,0,0,0
Bird_drop_95_jpg.rf.761cbdad5b84e660845aff5eb9dfe0ea.jpg,1,0,0,0,0,0
Electrical_Damge_118_jpg.rf.05f3f2cd658292aefedab2f27f1437e4.jpg,0,0,0,1,0,0
Electrical-81-_jpg.rf.98bd8fc7923143ebd39330531b067c37.jpg,0,0,0,1,0,0
Physical_Damge_292_jpg.rf.283293e5624fc977a29fbbfa9eeef2a9.jpg,0,0,0,0,1,0
Imgdirty_1022_1_jpg.rf.fc9797d71452d9a21310c7cece45af0a.jpg,0,0,1,0,0,0
Bird_drop_95_jpg.rf.37614aba7072fc866f754507e375988f.jpg,1,0,0,0,0,0
Physical_Damge_209_jpg.rf.e0e7a240b272ecfab47f617b6adcf6c0.jpg,0,0,0,0,1,0
Imgdirty_512_1_jpg.rf.46c927ee1aefea7bfb3dc180979f5365.jpg,0,0,1,0,0,0
Imgclean_1002_0_jpg.rf.79ff61d65bb787256c79fbf81002c754.jpg,0,1,0,0,0,0
Bird_drop_71_jpg.rf.8595bd064118f1e790d930b06d6cfb95.jpg,1,0,0,0,0,0
Physical_Damge_211_jpg.rf.b5afb692e0d3def1ace06d6070c88c18.jpg,0,0,0,0,1,0
Physical_Damge_191_jpg.rf.de4fd1aca4dd7654d56c2760cd875d76.jpg,0,0,0,0,1,0
IMG_20241002_214847_968_jpg.rf.4f99c4d73e7835c8f8c73cff56275657.jpg,0,1,0,0,0,0
Imgdirty_576_1_jpg.rf.b4ebdac66dbcc97860452cec3a1ce0ed.jpg,0,0,1,0,0,0
solar_Fri_Jun_30_10__33__29_2017_L_0-755563621964_I_0-594196078431_jpg.rf.3f1e295e6a845a742c38cb2479e876c5.jpg,0,0,1,0,0,0
Physical_Damge_23_jpg.rf.ce04ea7725e871c44aa7fbf3dff34748.jpg,1,0,0,0,0,0
Physical_Damge_14_jpg.rf.01b63a9ffa23e39e2303e249d9267c78.jpg,0,0,0,0,1,0
Bird_drop_103_jpg.rf.f08d5c0b0b90f6aa7d2cc5fd973ed995.jpg,1,0,0,0,0,0
Imgclean_1008_0_jpg.rf.e2b523f29aa2b9212005a2426818201e.jpg,0,1,0,0,0,0
Imgclean_1012_0_jpg.rf.64128b7de6450330d5fb545b11f87fca.jpg,0,1,0,0,0,0
Bird_drop_1_jpg.rf.e22822af9045e07c76c8f530031e18fe.jpg,1,0,0,0,0,0
Physical_Damge_292_jpg.rf.c6a761cb8f0032aee4cda08f35702356.jpg,0,0,0,0,1,0
Bird_drop_97_jpg.rf.b0e2a0e83343d14fdfc5593810e65531.jpg,1,0,0,0,0,0
Imgdirty_538_1_jpg.rf.cc45370b97a148e57f359346e5171639.jpg,1,0,1,0,0,0
Physical_Damge_293_jpg.rf.aad84ccba0c70a24df1e2533e8ca9d4a.jpg,0,0,0,0,1,0
Imgdirty_1008_1_jpg.rf.90ffd8d409bd67adb396a37f05136a6b.jpg,0,0,1,0,0,0
IMG_20241002_214850_622_jpg.rf.1ad2591923e05506b57e1c81ea62567f.jpg,0,1,0,0,0,0
Physical_Damge_277_jpg.rf.ed6a3f2cb7d59bdbb226ea1be435917b.jpg,0,0,0,0,1,0
Bird_drop_95_jpg.rf.e07fb4bf381a4e1e57da7e9b7407de09.jpg,1,0,0,0,0,0
Physical_Damge_296_jpg.rf.a1b8e34be626a3267e6942c6aa1bb562.jpg,0,0,0,0,1,0
Physical_Damge_177_jpg.rf.fb4011b415b44f6dae53f50635259bea.jpg,0,0,0,1,0,0
IMG_20230325_113913_jpg.rf.5592feea04036764169bbce4fd745766.jpg,0,0,1,0,0,0
Dust-153-_jpg.rf.2416839db9a39ba7f34c3341d38c8a49.jpg,0,0,1,0,0,0
Bird_drop_9_jpg.rf.f8362c414c0924dd6a19aa08d9f51f79.jpg,1,0,0,0,0,0
Imgdirty_551_1_jpg.rf.dea978245ce1299caaa4836f69cff19e.jpg,0,0,1,0,0,0
Imgclean_1020_0_jpg.rf.05526434f571c556acbdbab1f00e56b5.jpg,0,1,0,0,0,0
Physical_Damge_330_jpg.rf.04ef939e0e74e52b1ebf01f26814fdf1.jpg,0,0,0,0,1,0
Screenshot-2023-04-01-180619_png.rf.50805dd275e94415b6399cf2aa9b4023.jpg,1,0,0,0,1,0
Physical_Damge_260_jpg.rf.1a1703b080f9ab40d0e7a57c682ffa90.jpg,0,0,0,0,1,0
Imgdirty_601_1_jpg.rf.3e0062c3502279396ead91ed7070bb78.jpg,1,0,0,0,0,0
Physical_Damge_298_jpg.rf.35f6169585b28587a8834b01969e2c5d.jpg,0,0,1,0,0,0
Imgclean_1013_0_jpg.rf.518dd200eda4bcce6e61880b66c54a96.jpg,0,1,0,0,0,0
IMG_20241002_214934_213_jpg.rf.300167916d81871c8ee69e03657fee58.jpg,0,1,0,0,0,0
Physical_Damge_271_jpg.rf.6e3b96103d97cdf93bcb02147ce3ffea.jpg,0,0,0,0,1,0
IMG_20241002_214849_430_jpg.rf.2395465521ae530f7b9bc9091736e9f2.jpg,0,1,0,0,0,0
Electrical-67-_JPG.rf.9a1122c6d2b678ceb1583f9890cf5ba4.jpg,0,0,0,1,0,0
Physical_Damge_328_jpg.rf.87dc672d0a780b1d044206af7ee1c1d4.jpg,0,0,1,0,1,0
Physical_Damge_329_jpg.rf.7edf067de2caf7d62e16a0afdb3d2dfc.jpg,0,0,0,0,1,0
Physical_Damge_322_jpg.rf.d7dfe04e2b26453a93c00c6ec1c946da.jpg,0,0,0,0,1,0
Physical_Damge_264_jpg.rf.22e5fb716a06557951eb480abb12c278.jpg,0,0,0,0,1,0
Physical_Damge_299_jpg.rf.534bc4cce9bee7906ee1385531215d12.jpg,0,0,0,0,1,0
Physical_Damge_262_jpg.rf.374f246061b4ed44446ab2687d5bf98e.jpg,0,0,0,0,1,0
Electrical-1-_png.rf.95719cd2a9609469bc5335ed6e77e1aa.jpg,0,0,0,1,0,0
Bird_drop_97_jpg.rf.104109c1d7258400619f771149bfea6d.jpg,1,0,0,0,0,0
Electrical-93-_jpg.rf.349affa8bbe04d430df43b5ab05833b5.jpg,0,0,0,1,0,0
Physical_Damge_258_jpg.rf.75208283c10da2c406016538a9a9da7e.jpg,0,0,0,0,1,0
1677073267914_jpg.rf.d5a0aee66aa5d40e8449be5d4ac919df.jpg,1,0,0,0,0,0
Physical_Damge_269_jpg.rf.0002d3dd24a39c939c523c08c6d2a408.jpg,0,0,0,0,1,0
Physical_Damge_263_jpg.rf.33f402c502aec2b785085c34cc1002b3.jpg,0,0,0,0,1,0
Screenshot-2023-04-01-180227_png.rf.42debcd55f095271c361536240087a62.jpg,1,0,0,0,0,0
Physical_Damge_284_jpg.rf.4d46afa6a388fe9f23473fcfd0b82f02.jpg,0,0,0,0,1,0
solar_Fri_Jun_16_10__5__24_2017_L_0-883261205564_I_0-253725490196_jpg.rf.d0cf132249a6803903243ac126252a67.jpg,0,0,1,0,0,0
IMG_20241002_214854_507_jpg.rf.32a3def4702a624662bef1ec684a1912.jpg,0,1,0,0,0,0
Bird_drop_80_jpg.rf.4a0f754f387c5e7c0fde8d29f0bc454a.jpg,1,0,0,0,0,0
solar_Thu_Jun_15_14__49__5_2017_L_0-321710600182_I_0-314349019608_jpg.rf.6a75b340ed040638809360c90d181406.jpg,0,0,1,0,0,0
IMG_20230325_113925_jpg.rf.116015da35ff79cee6499f7025292327.jpg,0,0,1,0,0,0
Physical_Damge_282_jpg.rf.0ad9b31e9d03d54fb7409289973c436a.jpg,0,0,0,0,1,0
Physical_Damge_268_jpg.rf.31dccf7b640f28c8a41e904ec42eb9a1.jpg,0,0,0,0,1,0
Screenshot-2023-04-01-180834_png.rf.0f8e6ce022fc78fe8f71223a7a9fff8d.jpg,1,0,0,0,1,0
IMG_20230325_114714_jpg.rf.7ccf1f22d1116d7a3888d04fbb56062f.jpg,0,0,1,0,0,0
solar_Fri_Jun_30_11__5__39_2017_L_0-758369658358_I_0-526294117647_jpg.rf.19bd0ced554327eb6ca2693c206f8f2f.jpg,0,0,1,0,0,0
Bird_drop_83_jpg.rf.2edb7ab327fe52695c3245efba0a19a9.jpg,1,0,0,0,0,0
solar_Thu_Jun_15_9__49__20_2017_L_0-606526960207_I_0-41637254902_jpg.rf.d333730dc18026dac0f502018b2ba63b.jpg,1,0,1,0,0,0
solar_Wed_Jun_21_8__33__58_2017_L_0-334087525466_I_0-400376470588_jpg.rf.25a5ab7d4b3376d877ab8a8554242361.jpg,0,0,1,0,0,0
Physical_Damge_245_jpg.rf.e8aabc7ffaa714171c9c3b875ba8e35b.jpg,0,0,1,0,1,0
IMG_20230324_174922_jpg.rf.7aa89b96522c268693ecb0fcf9c08d59.jpg,0,0,1,0,0,0
Physical_Damge_324_jpg.rf.c69204f3ef2ea9e87165e3d3f252ff6c.jpg,0,0,0,0,1,0
Imgdirty_622_1_jpg.rf.ab2e3d551bfbcb68e60c3dda04c137b4.jpg,0,0,1,0,0,0
IMG_20230325_113725_jpg.rf.602434dcb9f688f8ee41d8bc458e69f1.jpg,0,0,1,0,0,0
Electrical-70-_jpg.rf.c1733a0328fc4439e106f3fb8d5cea0d.jpg,0,0,0,1,0,0
Physical_Damge_301_jpg.rf.0aed14e58d3d9a4f9ad7b7def5992c88.jpg,0,0,1,0,1,0
Physical_Damge_336_jpg.rf.716077b53e4ea5ba795f5ef315b3c164.jpg,0,0,0,0,1,0
Physical_Damge_247_jpg.rf.3d1f461692d158b04ab5106eee087a9a.jpg,0,0,0,0,1,0
IMG_20230325_114400_jpg.rf.a0ae8fc3c9d6d55a1b377e054979990a.jpg,0,0,1,0,0,0
Physical_Damge_337_jpg.rf.3fd493cf1a1d946ff53c334cae9967cb.jpg,1,0,1,0,0,0
Imgclean_1014_0_jpg.rf.eac36ad64a7f1607e51fe7b54e362dd0.jpg,0,1,0,0,0,0
Physical_Damge_302_jpg.rf.3243e535d7911a82c820d13294a5fb68.jpg,0,0,0,0,1,0
Physical_Damge_295_jpg.rf.53f8897f09d1c832ba8ef2439888f9d6.jpg,0,0,0,0,1,0
Physical_Damge_337_jpg.rf.814363a5a0078b25de91ed0de93cda34.jpg,1,0,1,0,0,0
Physical_Damge_265_jpg.rf.0b78bda72b3ef4e00a23d3f45e336bf3.jpg,0,0,0,0,1,0
Imgdirty_1037_1_jpg.rf.cf030d174a7056b2fae938b5c3a407a8.jpg,0,0,1,0,0,0
Bird_drop_9_jpg.rf.e7b0d636ecf5006912d8552497030def.jpg,1,0,0,0,0,0
IMG_20230325_132740_jpg.rf.090ad39eca6c01ab84f6839ecb1921b8.jpg,0,0,1,0,0,0
Screenshot-2023-04-01-181157_png.rf.8410a06048d4cb1abbf105f6596922ca.jpg,1,0,0,0,0,0
Physical_Damge_325_jpg.rf.61de1d1121e37abc015687746064fb50.jpg,0,0,0,0,1,0
Physical_Damge_2_jpg.rf.2a4f07ae17439d5e8bfc506213acc561.jpg,0,0,0,0,1,0
Physical_Damge_331_jpg.rf.8731a286daa9a79b531c24291d3e890e.jpg,0,0,1,0,0,0
IMG_20230325_122456_jpg.rf.f98d5dbfe09f09d105a0c77bdeaba9c6.jpg,0,0,1,0,0,0
Electrical-34-_jpg.rf.0380ba588a6c5163cc47f1b0281e1a00.jpg,0,0,0,1,0,0
Physical_Damge_2_jpg.rf.6e822349c25455cccd8512c62e442f22.jpg,0,0,0,0,1,0
Dusty_124_jpg.rf.358a1da4a7b1a1a9ca53b0e7ee51edd3.jpg,0,0,1,0,0,0
IMG_20241002_214852_883_jpg.rf.47143a8f63bbd370164d40c7d98040d4.jpg,0,1,0,0,0,0
Physical_Damge_274_jpg.rf.b0d6e8cd5373b9dcdeef027dcf84bff7.jpg,0,0,0,0,1,0
Imgclean_1032_0_jpg.rf.c3fe3ef97554c4973deaeea782f2ad95.jpg,0,1,0,0,0,0
IMG_20241003_085832_965_jpg.rf.8009bab9013271f71e258ea5034bb86c.jpg,0,1,0,0,0,0
Imgdirty_1039_1_jpg.rf.1f7b38ed2a670f9dacfda531c3b900e5.jpg,0,0,1,0,0,0
Physical_Damge_321_jpg.rf.7f1f0b03efb3b606979a23d46dd67ec4.jpg,0,0,0,0,1,0
Screenshot-2023-04-01-180811_png.rf.16e8579067bacae41a0f30dac4994101.jpg,1,0,0,0,1,0
Dusty_5_jpg.rf.989bcf6611749ada15b789d7288dad36.jpg,0,0,1,0,0,0
Dusty_143_jpg.rf.501c535263fd8253c0df34ae3e3d0972.jpg,0,0,1,0,0,0
Imgdirty_1036_1_jpg.rf.bdcc7a8f400a301720eb45bab724fb7f.jpg,0,0,1,0,0,0
IMG_20241002_214920_285_jpg.rf.4f6db9a373b63c76dc0029b34e0e3195.jpg,0,1,0,0,0,0
Physical_Damge_320_jpg.rf.d90ed6da8d4ba1be4af95fccda738be3.jpg,0,0,0,0,1,0
Dusty_51_jpg.rf.6365d04770d24a4359757b6bb53c5357.jpg,0,0,1,0,0,0
Physical_Damge_306_jpg.rf.5528cbc68c4931cf5312d0ac8e800c17.jpg,0,0,0,0,1,0
Imgdirty_1031_1_jpg.rf.7dddf61cecfaa9acd69806763141d967.jpg,0,0,1,0,0,0
Imgdirty_591_1_jpg.rf.4c3f9900e8ea8157eceec3c97d82a5cb.jpg,1,0,0,0,0,0
solar_Fri_Jun_16_10__28__14_2017_L_0-855890302123_I_0-552819607843_jpg.rf.3af66bef916e427f8c05ded1d116efe9.jpg,0,0,1,0,0,0
IMG_20241002_214915_423_jpg.rf.20b2611a7e54621ae5867f02a6e14cea.jpg,0,1,0,0,0,0
Imgdirty_606_1_jpg.rf.4cbc51b0bfe348eadb757483b79644f3.jpg,0,0,1,0,0,0
Physical_Damge_31_jpg.rf.ea37fa31d3dc4f9fb3dac1119d2370f7.jpg,0,0,0,0,1,0
Electrical-68-_JPG.rf.f9d52927311f670822434382f8d7eb53.jpg,0,0,0,1,0,0
Electrical-15-_jpg.rf.86fc05d23d7c7881445fb206b7896ad6.jpg,0,0,0,1,0,0
Screenshot-2023-04-01-180927_png.rf.8755e3bdefb8401957a2d3558350340b.jpg,1,0,0,0,0,0
Dusty_100_jpg.rf.eeb80192d3be885577fda33480d8b881.jpg,0,0,1,0,0,0
Dusty_112_jpg.rf.fd2e0a32bd45e3c540b2b239cc8b65c5.jpg,0,0,1,0,0,0
Imgclean_1033_0_jpg.rf.bfc0bfd8d74a5db14e8f333f88bba91e.jpg,0,1,0,0,0,0
Physical_Damge_338_jpg.rf.61d42bea75e15b7b0c6020630d03e8dc.jpg,0,0,0,0,1,0
Physical_Damge_308_jpg.rf.712caf0c11ca3889ed9b171f577bd0e7.jpg,0,0,0,0,1,0
Imgdirty_1055_1_jpg.rf.0f9e7a57c211b1f03d3d17cbe01bbf5d.jpg,0,0,1,0,0,0
Imgclean_1041_0_jpg.rf.faf2c659a9b9021dd729545624b7a4ff.jpg,0,1,1,0,0,0
Dusty_175_jpg.rf.5af5b72520fadb2ecddd1f8d11fc5b41.jpg,0,0,1,0,0,0
Imgdirty_592_1_jpg.rf.a642dd485b36be0a956f0e1d85f5d598.jpg,1,0,0,0,0,0
Electrical-16-_jpg.rf.5ad6550253e4eff226ceac81e42c9bf8.jpg,0,0,0,1,0,0
Electrical-94-_jpg.rf.5475dec20e7c881ae04d3ea29864dc9e.jpg,0,0,0,1,0,0
Physical_Damge_347_jpg.rf.459b62ced046baad0bbcc23dd177b538.jpg,0,0,0,0,1,0
Imgdirty_612_1_jpg.rf.b59f331fe4bc772b39f25ad1527a7686.jpg,1,0,1,0,0,0
Imgclean_1022_0_jpg.rf.d77359a8a04309b15b4d5ff60229567d.jpg,0,1,0,0,0,0
Imgclean_1027_0_jpg.rf.bf3496b0f4655663a42a65f3991034b2.jpg,0,1,0,0,0,0
Imgclean_1034_0_jpg.rf.83574970b8a51833c19ece6167ea4d3b.jpg,0,1,1,0,0,0
Imgclean_1037_0_jpg.rf.9652e42975c8ea60d46a66300fd299c0.jpg,0,1,0,0,0,0
Physical_Damge_348_jpg.rf.e5d5e12c369fd3050522e8c3c1580062.jpg,0,0,0,0,1,0
Imgdirty_1001_1_jpg.rf.1579796b825b60cba813f06937f32c7c.jpg,0,0,1,0,0,0
Imgclean_1025_0_jpg.rf.1d8212475917256d92193c95dbf5ed57.jpg,0,1,1,0,0,0
Dusty_149_jpg.rf.9410eba2f862d95f8777b9908829f0b2.jpg,0,0,1,0,0,0
Electrical_Damge_34_jpg.rf.8c9f3b7ec8573b7dbd15e2b87db4aea1.jpg,0,0,0,1,0,0
Dusty_146_jpg.rf.5cd5876ce44ece8bf6fe3635839d5ee9.jpg,0,0,1,0,0,0
Physical_Damge_350_jpg.rf.a5a614fd61a8844032c2a5a9e5557a0b.jpg,0,0,0,0,1,0
IMG_20241002_214935_731_jpg.rf.0c70848c06bf80827580f898c677f575.jpg,0,1,0,0,0,0
Imgclean_1036_0_jpg.rf.6dd463a58def1100f1a50020131c2ce1.jpg,0,1,0,0,0,0
IMG_20230324_174458_jpg.rf.bdce0d931d94332d975ee6a3c85e84b7.jpg,0,0,1,0,0,0
Physical_Damge_353_jpg.rf.d347440e0299e40c1c48c22537663aa9.jpg,0,0,0,0,1,0
Imgclean_1044_0_jpg.rf.5f89e9797f600cd641ada1366a6541df.jpg,0,1,0,0,0,0
Physical_Damge_316_jpg.rf.e3eca07c9f22c3cd1139c1af25c9c4f3.jpg,0,0,0,0,1,0
Imgdirty_1056_1_jpg.rf.cd705b7e0456e0a6db2d35cfa30c6a0f.jpg,0,0,1,0,0,0
IMG_20241003_085835_479_jpg.rf.2fd6444055dda29a63373e77763428c9.jpg,0,1,0,0,0,0
Electrical_Damge_125_jpg.rf.b505f9d9e62e435ce6580a7d5b169dec.jpg,0,0,0,1,0,0
Imgdirty_596_1_jpg.rf.fc5bace77031ecec496d7b9321d786a7.jpg,0,0,1,0,0,0
Imgclean_1023_0_jpg.rf.4fd582bd80e912b780b76f9677237d2e.jpg,0,1,0,0,0,0
Dusty_116_jpg.rf.f2ebfd506e836378d35f77f205e0dc4a.jpg,0,0,1,0,0,0
Physical_Damge_364_jpg.rf.a93f61de740047002583fa391f5876c2.jpg,0,0,0,0,1,0
Dusty_145_jpg.rf.ded6a852f1b0f2f62a11dc0eb9d2452b.jpg,0,0,1,0,0,0
Imgclean_1028_0_jpg.rf.307aefd15d2317230b8404138b1e656d.jpg,0,1,0,0,0,0
Imgclean_1039_0_jpg.rf.214ddb900b34e3536de8aa726208826e.jpg,0,1,0,0,0,0
Imgclean_1043_0_jpg.rf.0c132f459ddaa3a3f1c75af79508f990.jpg,0,1,0,0,0,0
Dust-81-_jpg.rf.58a4b8d34ed1dc61d8750689bfd1c597.jpg,0,0,1,0,0,0
Electrical-25-_jpg.rf.98dba9d6b2b385bcb35c9d03f38c3123.jpg,0,0,0,1,0,0
Physical_Damge_372_jpg.rf.c3b1df49c3c6248b6cff990c0dc6abd7.jpg,0,0,0,0,1,0
solar_Fri_Jun_16_10__5__29_2017_L_0-883261205564_I_0-253725490196_jpg.rf.e99880582f38a2a36a4367b175388e77.jpg,0,0,1,0,0,0
IMG_20241002_214936_596_jpg.rf.c128e851f9323b2083058d64d97b5e25.jpg,0,1,0,0,0,0
Imgclean_1042_0_jpg.rf.085d052f9b7c53b1c278971d47c67d6e.jpg,0,1,0,0,0,0
Physical_Damge_367_jpg.rf.0e225f4198098e0ea1a72736308dd82c.jpg,0,0,0,0,1,0
Physical_Damge_397_jpg.rf.c9359dabffb5423995b0444d722e9d93.jpg,0,0,0,0,1,0
Imgdirty_634_1_jpg.rf.cee65dacf2a9b0504a2224eeac427908.jpg,1,0,1,0,0,0
Physical_Damge_358_jpg.rf.d0bc43a1e39c772bc3f6892d8f314d77.jpg,0,0,0,0,1,0
IMG_20241003_091236_105_jpg.rf.fd6e8d79c6066f429880367b37268ac7.jpg,0,1,0,0,0,0
Electrical_Damge_50_jpg.rf.cd67d9fccb76bb2b79b7404837f08a7e.jpg,0,0,0,1,0,0
Electrical_Damge_29_jpg.rf.824bfd306557f79a96dbfeb77ac36704.jpg,0,0,0,1,0,0
IMG_20241003_091516_183_jpg.rf.e4ba19e4e2963ef5c8da89a27315ddf8.jpg,0,1,0,0,0,0
solar_Wed_Jun_21_8__34__33_2017_L_0-313713094756_I_0-397015686275_jpg.rf.f4e7f6ad393c6e7e4e0928f539e91934.jpg,0,0,1,0,0,0
IMG_20230323_171023_jpg.rf.02906ef0a42ac9c161931a1d346dd74e.jpg,0,0,1,0,0,0
Dusty_177_jpg.rf.4630193c7ada34ae293e69d6a3100655.jpg,0,0,1,0,0,0
solar_Tue_Jun_20_10__38__20_2017_L_0-338429158111_I_0-763921568627_jpg.rf.c0a63e942a4a66760228019e32502d05.jpg,0,0,1,0,0,0
Dusty_173_jpg.rf.ba4762095d8982b3e98ecaadddbe596c.jpg,0,0,1,0,0,0
Snow_70_jpg.rf.44542907915aa3f48de6747277845867.jpg,0,0,0,0,0,1
Dusty_111_jpg.rf.02319f2995f4787f42b1cc73eec9435c.jpg,0,0,1,0,0,0
IMG_20241003_091522_386_jpg.rf.670d3d07d4dc9f47b717e0d865a5f7d5.jpg,0,1,0,0,0,0
IMG_20241003_091530_538_jpg.rf.8c35ddd69f8d404c19642417b8607611.jpg,0,1,0,0,0,0
Electrical_Damge_52_jpg.rf.66755a4f080e6204cab5292da0af9387.jpg,0,0,0,1,0,0
Imgdirty_360_1_jpg.rf.6e6a887476467d5f1a43903fc71d8a76.jpg,1,0,0,0,0,0
IMG-20230418-WA0053_jpg.rf.6044f7df81e5ac6f61db1e14518787e4.jpg,1,0,1,0,0,0
IMG_20241003_091206_546_jpg.rf.effc78fd3002ed8877a14c5d1692f76f.jpg,0,1,0,0,0,0
Electrical-3-_JPG.rf.0bb49bbcfcdb09c59a1b6d682386d088.jpg,0,0,0,1,0,0
Dusty_179_jpg.rf.a5624470cf087d5feb89bc73fe209d5c.jpg,0,0,1,0,0,0
IMG_20241003_090820_926_jpg.rf.b4c8d83fd2c324c313be3542b52c3140.jpg,0,1,0,0,0,0
Dusty_87_jpg.rf.f118f269ca71dc3a2b306c503f573554.jpg,0,0,1,0,0,0
Imgclean_5_0-Copy_jpg.rf.4d42d3881d92cbb66275c60b8cb93bab.jpg,0,1,0,0,0,0
Dust-171-_jpg.rf.485f6d9959a04b2b92e51d69f9596142.jpg,0,0,1,0,0,0
Electrical-60-_jpg.rf.0fad9c82c6b5b443df904fcefc8e4ce6.jpg,0,0,0,1,0,0
Dusty_17_jpg.rf.9534d67065a9f6087026903ed9661eea.jpg,0,0,1,0,0,0
IMG_20241003_091211_089_jpg.rf.2665d4d5facae2c260b8606d7506b141.jpg,0,1,0,0,0,0
Imgclean_1156_0_jpg.rf.596bd08556873c39d95da5ed19817162.jpg,0,1,0,0,0,0
IMG_20241003_091216_813_jpg.rf.53a0859533052fa2e1edb111e82eb866.jpg,0,1,0,0,0,0
IMG_20241003_091536_825_jpg.rf.07216a7d5bbf21fe5e4296e93a8b3149.jpg,0,1,0,0,0,0
Imgdirty_292_1_jpg.rf.6fad41af65cddcab33690f2668587e4d.jpg,0,0,1,0,0,0
IMG_20241003_091605_984_jpg.rf.173457443cd7be298f03974a6a667599.jpg,0,1,0,0,0,0
IMG-20230418-WA0050_jpg.rf.87800f7fb0726f1cea506b884fbadbce.jpg,1,0,1,0,0,0
IMG-20230418-WA0057_jpg.rf.14273cd7c32a0297e818939e9ef25ed8.jpg,1,0,1,0,0,0
IMG-20230418-WA0056_jpg.rf.993f971ba200e16d84d9432dc0e318d7.jpg,1,0,0,0,0,0
solar_Tue_Jun_13_16__20__22_2017_L_0-0948649106257_I_0-162129411765_jpg.rf.4c8119d170087df1a1022ff43a401e9e.jpg,1,0,1,0,0,0
IMG_20241003_091603_878_jpg.rf.09819d99895867376ce2d91a9b5a0e2d.jpg,0,1,0,0,0,0
Dusty_187_jpg.rf.c7f8ab71ad815b294c3a0af6086d2d74.jpg,0,0,1,0,0,0
Bird_drop_52_jpg.rf.85afa93f4de73da8996076d3a85924fa.jpg,1,0,0,0,0,0
IMG_20241003_091553_575_jpg.rf.4c7bfe16e5136afce15a670461042a76.jpg,0,1,0,0,0,0
Electrical-61-_jpg.rf.2dfeea9fbf3743621c33c8e579e0244f.jpg,0,0,0,1,0,0
Snow_20_jpg.rf.fe73c3b6901625eaa3f50a2eae8c7b2b.jpg,0,0,0,0,0,1
Dusty_186_jpg.rf.e8f4307cb32e04a8ce449b9b169bbd35.jpg,0,0,1,0,0,0
IMG_8578_jpg.rf.6a698bc8563770138d1b4ceca2e7f89d.jpg,0,0,1,0,0,0
IMG_20241003_091540_410_jpg.rf.a5eb4122fc3ea16471b690debb3d046d.jpg,0,1,0,0,0,0
IMG_8579_jpg.rf.954762d703827f1b799ca13a08d1eaed.jpg,0,0,1,0,0,0
Dusty_88_jpg.rf.537662d9c89a4110898860e879dbda43.jpg,0,0,1,0,0,0
Electrical-4-_png.rf.0f21499e2762f43f3fc97f4a2d8739c6.jpg,0,0,0,1,0,0
Physical_Damge_99_jpg.rf.b11d67f893ee7efc1b32219aaf11449a.jpg,0,0,0,0,1,0
Electrical_Damge_50_jpg.rf.ba073f1b09cd5410c923d6e3bd6e66da.jpg,0,0,0,1,0,0
solar_Thu_Jun_15_10__8__49_2017_L_0-175486598073_I_0-239356862745_jpg.rf.1826b233288aa23b28963c7e6db1cccf.jpg,1,0,1,0,0,0
Snow_13_jpg.rf.60cf4eaee9cd1efca8c4963e35f7c67b.jpg,0,0,0,0,0,1
Imgdirty_405_1_jpg.rf.c4558e8f29cc244aefa77975a71f8019.jpg,0,0,1,0,0,0
IMG_20230323_171949_jpg.rf.749083b5407ee7fe3c3e3fbd45f59c35.jpg,0,0,1,0,0,0
Snow_74_jpg.rf.93434f8b886ac0e2ba6a344cdfa96321.jpg,0,0,0,0,0,1
Electrical-2-_png.rf.8e3517be97eb8d779acfe9989360a1c4.jpg,0,0,0,1,0,0
IMG_20241003_091510_869_jpg.rf.9840286e0c8f2b313721b8aba404b9bd.jpg,0,1,0,0,0,0
IMG_20241003_090557_832_jpg.rf.e09628d17bbf2cc7f42cfe459408f487.jpg,0,1,0,0,0,0
Physical_Damge_545_jpg.rf.07cb8bdc29184166d935c28877ef3d04.jpg,0,0,0,0,1,0
Dusty_7_jpg.rf.ae018adb27d57babd3583e1e3fde1703.jpg,0,0,1,0,0,0
Electrical_Damge_16_jpg.rf.896a9c5747977cd0e21c1a1c8a6ae060.jpg,0,0,1,1,0,0
Electrical_Damge_28_jpg.rf.bc97f3fed4c57345a78591271a3fdbd8.jpg,0,0,0,1,0,0
Imgdirty_194_1_jpg.rf.99ac09bb0426824b1ccbb31b7bda1ddf.jpg,1,0,0,0,0,0
Imgdirty_445_1_jpg.rf.e667215355ac02ff2bfcd7c19ea0c554.jpg,0,0,1,0,0,0
Snow_39_jpg.rf.4b14633da5957b17b1ebcf20340a2bef.jpg,0,0,0,0,0,1
IMG_20241003_090839_319_jpg.rf.5d6b1c1f2235c19dbf9b1e7d0bbbe552.jpg,0,1,0,0,0,0
Electrical_Damge_22_jpg.rf.4035a512882caa85635f7e119fc39734.jpg,0,0,0,1,0,0
Imgdirty_241_1_jpg.rf.4558b7c4f26276e2377574d95c3d47a1.jpg,0,0,1,0,0,0
IMG_20230324_161856_jpg.rf.989fd40a4b3b9bde2a2b70d8f8fc785e.jpg,0,0,1,0,0,0
Dusty_38_jpg.rf.f69881a2c0be2c8c2766787096f64da6.jpg,1,0,0,0,0,0
Dusty_48_jpg.rf.06ace114f65b0d580f30c41b8e4d77f5.jpg,0,0,1,0,0,0
Electrical_Damge_62_jpg.rf.f706821ebe5b6c857d4b551421c07717.jpg,0,0,0,1,0,0
IMG_8583_jpg.rf.8f6b4f16398826ae215daa2c97eb21fb.jpg,0,0,1,0,0,0
Bird_drop_48_jpg.rf.d6a1f74274dde8d750513596e22b725c.jpg,1,0,0,0,0,0
IMG_8585_jpg.rf.61946b8fc058cf8a3d9123e451467743.jpg,0,0,1,0,0,0
Physical_Damge_85_jpg.rf.269e0d561700010dbf1069919a449f4d.jpg,0,0,0,0,1,0
Electrical_Damge_65_jpg.rf.f0b5708d7b7d8dbc1a9c840da2a45db8.jpg,0,0,0,1,0,0
Electrical_Damge_62_jpg.rf.b671cef7f227dffeb7ff59b49822b3ad.jpg,0,0,0,1,0,0
Imgdirty_188_1_jpg.rf.63cbbe20ffa642974d044d77596b3705.jpg,0,0,1,0,0,0
Electrical_Damge_12_jpg.rf.6ea2de7c5f2d7ed07b5b5ce2b2f13b39.jpg,0,0,0,1,0,0
Dusty_150_jpg.rf.34422e87c694fdfa3d5bb1974f658423.jpg,0,0,1,0,0,0
Snow_77_jpg.rf.de25412d516a38f9889133f9661f9e3c.jpg,0,0,0,0,0,1
Dusty_38_jpg.rf.3ccf5cd1adb778f9ef746ff922d3e852.jpg,1,0,0,0,0,0
Physical_Damge_88_jpg.rf.8e9157effa0aebdd09770b39bc7f95c2.jpg,0,0,0,0,1,0